id|name|url|type|ispartof
0|India|http://dbpedia.org/resource/India|country|1460
1|China|http://dbpedia.org/resource/China|country|1460
2|Angola|http://dbpedia.org/resource/Angola|country|1461
3|Austria|http://dbpedia.org/resource/Austria|country|1462
4|Azerbaijan|http://dbpedia.org/resource/Azerbaijan|country|1460
5|Bolivia|http://dbpedia.org/resource/Bolivia|country|1463
6|Bosnia_and_Herzegovina|http://dbpedia.org/resource/Bosnia_and_Herzegovina|country|1462
7|Bulgaria|http://dbpedia.org/resource/Bulgaria|country|1462
8|Chad|http://dbpedia.org/resource/Chad|country|1461
9|Croatia|http://dbpedia.org/resource/Croatia|country|1462
10|Denmark|http://dbpedia.org/resource/Denmark|country|1462
11|Dominican_Republic|http://dbpedia.org/resource/Dominican_Republic|country|1464
12|El_Salvador|http://dbpedia.org/resource/El_Salvador|country|1464
13|Estonia|http://dbpedia.org/resource/Estonia|country|1462
14|Finland|http://dbpedia.org/resource/Finland|country|1462
15|Honduras|http://dbpedia.org/resource/Honduras|country|1464
16|Hong_Kong|http://dbpedia.org/resource/Hong_Kong|country|1460
17|Israel|http://dbpedia.org/resource/Israel|country|1460
18|Jordan|http://dbpedia.org/resource/Jordan|country|1460
19|Laos|http://dbpedia.org/resource/Laos|country|1460
20|Latvia|http://dbpedia.org/resource/Latvia|country|1462
21|Liberia|http://dbpedia.org/resource/Liberia|country|1461
22|Libya|http://dbpedia.org/resource/Libya|country|1461
23|Lithuania|http://dbpedia.org/resource/Lithuania|country|1462
24|Malta|http://dbpedia.org/resource/Malta|country|1462
25|Mauritania|http://dbpedia.org/resource/Mauritania|country|1461
26|Mauritius|http://dbpedia.org/resource/Mauritius|country|1461
27|Mongolia|http://dbpedia.org/resource/Mongolia|country|1460
28|Namibia|http://dbpedia.org/resource/Namibia|country|1461
29|New_Zealand|http://dbpedia.org/resource/New_Zealand|country|1465
30|Nicaragua|http://dbpedia.org/resource/Nicaragua|country|1464
31|Northern_Ireland|http://dbpedia.org/resource/Northern_Ireland|country|1462
32|Norway|http://dbpedia.org/resource/Norway|country|1462
33|Oman|http://dbpedia.org/resource/Oman|country|1460
34|Panama|http://dbpedia.org/resource/Panama|country|1464
35|Papua_New_Guinea|http://dbpedia.org/resource/Papua_New_Guinea|country|1465
36|Puerto_Rico|http://dbpedia.org/resource/Puerto_Rico|country|1464
37|Republic_of_Ireland|http://dbpedia.org/resource/Republic_of_Ireland|country|1462
38|Republic_of_Macedonia|http://dbpedia.org/resource/Republic_of_Macedonia|country|1462
39|Rwanda|http://dbpedia.org/resource/Rwanda|country|1461
40|Scotland|http://dbpedia.org/resource/Scotland|country|1462
41|Singapore|http://dbpedia.org/resource/Singapore|country|1460
42|Slovakia|http://dbpedia.org/resource/Slovakia|country|1462
43|Slovenia|http://dbpedia.org/resource/Slovenia|country|1462
44|Swaziland|http://dbpedia.org/resource/Swaziland|country|1461
45|Switzerland|http://dbpedia.org/resource/Switzerland|country|1462
46|Tajikistan|http://dbpedia.org/resource/Tajikistan|country|1460
47|Uruguay|http://dbpedia.org/resource/Uruguay|country|1463
48|Wales|http://dbpedia.org/resource/Wales|country|1462
49|Brazil|http://dbpedia.org/resource/Brazil|country|1463
50|Germany|http://dbpedia.org/resource/Germany|country|1462
51|Indonesia|http://dbpedia.org/resource/Indonesia|country|1460
52|Japan|http://dbpedia.org/resource/Japan|country|1460
53|Mexico|http://dbpedia.org/resource/Mexico|country|1464
54|Pakistan|http://dbpedia.org/resource/Pakistan|country|1460
55|Philippines|http://dbpedia.org/resource/Philippines|country|1460
56|Russia|http://dbpedia.org/resource/Russia|country|1462
57|United_States|http://dbpedia.org/resource/United_States|country|1464
58|Vietnam|http://dbpedia.org/resource/Vietnam|country|1460
59|Afghanistan|http://dbpedia.org/resource/Afghanistan|country|1460
60|Algeria|http://dbpedia.org/resource/Algeria|country|1461
61|Argentina|http://dbpedia.org/resource/Argentina|country|1463
62|Australia|http://dbpedia.org/resource/Australia|country|1465
63|Belarus|http://dbpedia.org/resource/Belarus|country|1462
64|Belgium|http://dbpedia.org/resource/Belgium|country|1462
65|Burma|http://dbpedia.org/resource/Burma|country|1460
66|Canada|http://dbpedia.org/resource/Canada|country|1464
67|Cambodia|http://dbpedia.org/resource/Cambodia|country|1460
68|Cameroon|http://dbpedia.org/resource/Cameroon|country|1461
69|Chile|http://dbpedia.org/resource/Chile|country|1463
70|Colombia|http://dbpedia.org/resource/Colombia|country|1463
71|Cuba|http://dbpedia.org/resource/Cuba|country|1464
72|Czech_Republic|http://dbpedia.org/resource/Czech_Republic|country|1462
73|Democratic_Republic_of_the_Congo|http://dbpedia.org/resource/Democratic_Republic_of_the_Congo|country|1461
74|Egypt|http://dbpedia.org/resource/Egypt|country|1461
75|England|http://dbpedia.org/resource/England|country|1462
76|Ethiopia|http://dbpedia.org/resource/Ethiopia|country|1461
77|France|http://dbpedia.org/resource/France|country|1462
78|Greece|http://dbpedia.org/resource/Greece|country|1462
79|Hungary|http://dbpedia.org/resource/Hungary|country|1462
80|Iran|http://dbpedia.org/resource/Iran|country|1460
81|Italy|http://dbpedia.org/resource/Italy|country|1462
82|Kazakhstan|http://dbpedia.org/resource/Kazakhstan|country|1460
83|Kenya|http://dbpedia.org/resource/Kenya|country|1461
84|Madagascar|http://dbpedia.org/resource/Madagascar|country|1461
85|Malaysia|http://dbpedia.org/resource/Malaysia|country|1460
86|Moldova|http://dbpedia.org/resource/Moldova|country|1462
87|Morocco|http://dbpedia.org/resource/Morocco|country|1461
88|Nepal|http://dbpedia.org/resource/Nepal|country|1460
89|Netherlands|http://dbpedia.org/resource/Netherlands|country|1462
90|Niger|http://dbpedia.org/resource/Niger|country|1461
91|Peru|http://dbpedia.org/resource/Peru|country|1463
92|Poland|http://dbpedia.org/resource/Poland|country|1462
93|Portugal|http://dbpedia.org/resource/Portugal|country|1462
94|Taiwan|http://dbpedia.org/resource/Taiwan|country|1460
95|Romania|http://dbpedia.org/resource/Romania|country|1462
96|Senegal|http://dbpedia.org/resource/Senegal|country|1461
97|South_Africa|http://dbpedia.org/resource/South_Africa|country|1461
98|South_Korea|http://dbpedia.org/resource/South_Korea|country|1460
99|Spain|http://dbpedia.org/resource/Spain|country|1462
100|Sri_Lanka|http://dbpedia.org/resource/Sri_Lanka|country|1461
101|Sweden|http://dbpedia.org/resource/Sweden|country|1462
102|Tanzania|http://dbpedia.org/resource/Tanzania|country|1461
103|Thailand|http://dbpedia.org/resource/Thailand|country|1460
104|Tunisia|http://dbpedia.org/resource/Tunisia|country|1461
105|Turkey|http://dbpedia.org/resource/Turkey|country|1460
106|Ukraine|http://dbpedia.org/resource/Ukraine|country|1462
107|United_Kingdom|http://dbpedia.org/resource/United_Kingdom|country|1462
108|Venezuela|http://dbpedia.org/resource/Venezuela|country|1463
109|Yemen|http://dbpedia.org/resource/Yemen|country|1460
110|Zambia|http://dbpedia.org/resource/Zambia|country|1461
111|Pondicherry|http://dbpedia.org/resource/Pondicherry|city|0
112|Rewari|http://dbpedia.org/resource/Rewari|city|0
113|Mysore|http://dbpedia.org/resource/Mysore|city|0
114|Thane|http://dbpedia.org/resource/Thane|city|0
115|Shibpur|http://dbpedia.org/resource/Shibpur|city|0
116|Rohtak|http://dbpedia.org/resource/Rohtak|city|0
117|Jiaganj_Azimganj|http://dbpedia.org/resource/Jiaganj_Azimganj|city|0
118|Andhra_Pradesh|http://dbpedia.org/resource/Andhra_Pradesh|city|0
119|Shillong|http://dbpedia.org/resource/Shillong|city|0
120|Baharampur|http://dbpedia.org/resource/Baharampur|city|0
121|Bhopal|http://dbpedia.org/resource/Bhopal|city|0
122|Tezpur|http://dbpedia.org/resource/Tezpur|city|0
123|Rourkela|http://dbpedia.org/resource/Rourkela|city|0
124|Chennai|http://dbpedia.org/resource/Chennai|city|0
125|Noida|http://dbpedia.org/resource/Noida|city|0
126|Jammu|http://dbpedia.org/resource/Jammu|city|0
127|Kalyani|http://dbpedia.org/resource/Kalyani|city|0
128|Delhi|http://dbpedia.org/resource/Delhi|city|0
129|Gobichettipalayam|http://dbpedia.org/resource/Gobichettipalayam|city|0
130|Kochi|http://dbpedia.org/resource/Kochi|city|0
131|Srinagar|http://dbpedia.org/resource/Srinagar|city|0
132|Ahmedabad|http://dbpedia.org/resource/Ahmedabad|city|0
133|Pune|http://dbpedia.org/resource/Pune|city|0
134|Haldia|http://dbpedia.org/resource/Haldia|city|0
135|Nagpur|http://dbpedia.org/resource/Nagpur|city|0
136|Kakinada|http://dbpedia.org/resource/Kakinada|city|0
137|Berhampur|http://dbpedia.org/resource/Berhampur|city|0
138|Darbhanga|http://dbpedia.org/resource/Darbhanga|city|0
139|Thirthahalli|http://dbpedia.org/resource/Thirthahalli|city|0
140|Bikaner|http://dbpedia.org/resource/Bikaner|city|0
141|Vellore|http://dbpedia.org/resource/Vellore|city|0
142|Surat|http://dbpedia.org/resource/Surat|city|0
143|Anantapur|http://dbpedia.org/resource/Anantapur|city|0
144|Cooch_Behar|http://dbpedia.org/resource/Cooch_Behar|city|0
145|Hubli|http://dbpedia.org/resource/Hubli|city|0
146|Hamirpur|http://dbpedia.org/resource/Hamirpur|city|0
147|Kanpur|http://dbpedia.org/resource/Kanpur|city|0
148|India|http://dbpedia.org/resource/India|city|0
149|Tiruchirappalli|http://dbpedia.org/resource/Tiruchirappalli|city|0
150|Ujjain|http://dbpedia.org/resource/Ujjain|city|0
151|Visakhapatnam|http://dbpedia.org/resource/Visakhapatnam|city|0
152|Gandhinagar|http://dbpedia.org/resource/Gandhinagar|city|0
153|Kannur|http://dbpedia.org/resource/Kannur|city|0
154|Agra|http://dbpedia.org/resource/Agra|city|0
155|Loni|http://dbpedia.org/resource/Loni|city|0
156|Jind|http://dbpedia.org/resource/Jind|city|0
157|Durgapur|http://dbpedia.org/resource/Durgapur|city|0
158|Sangrur|http://dbpedia.org/resource/Sangrur|city|0
159|Raichur|http://dbpedia.org/resource/Raichur|city|0
160|Bardhaman|http://dbpedia.org/resource/Bardhaman|city|0
161|Moga|http://dbpedia.org/resource/Moga|city|0
162|Amritsar|http://dbpedia.org/resource/Amritsar|city|0
163|Srikakulam|http://dbpedia.org/resource/Srikakulam|city|0
164|Anantapur_district|http://dbpedia.org/resource/Anantapur_district|city|0
165|Kolkata|http://dbpedia.org/resource/Kolkata|city|0
166|Orissa|http://dbpedia.org/resource/Orissa|city|0
167|Kalady|http://dbpedia.org/resource/Kalady|city|0
168|Coimbatore|http://dbpedia.org/resource/Coimbatore|city|0
169|Gurgaon|http://dbpedia.org/resource/Gurgaon|city|0
170|Purulia|http://dbpedia.org/resource/Purulia|city|0
171|Kodambakkam|http://dbpedia.org/resource/Kodambakkam|city|0
172|Jodhpur|http://dbpedia.org/resource/Jodhpur|city|0
173|Mahishadal|http://dbpedia.org/resource/Mahishadal|city|0
174|Kurukshetra|http://dbpedia.org/resource/Kurukshetra|city|0
175|Meerut|http://dbpedia.org/resource/Meerut|city|0
176|Faizabad|http://dbpedia.org/resource/Faizabad|city|0
177|Bangalore|http://dbpedia.org/resource/Bangalore|city|0
178|Kota|http://dbpedia.org/resource/Kota|city|0
179|Lucknow|http://dbpedia.org/resource/Lucknow|city|0
180|Kalimpong|http://dbpedia.org/resource/Kalimpong|city|0
181|Cuttack|http://dbpedia.org/resource/Cuttack|city|0
182|Alappuzha|http://dbpedia.org/resource/Alappuzha|city|0
183|Davangere|http://dbpedia.org/resource/Davangere|city|0
184|Siliguri|http://dbpedia.org/resource/Siliguri|city|0
185|Bidar|http://dbpedia.org/resource/Bidar|city|0
186|Puttur|http://dbpedia.org/resource/Puttur|city|0
187|Maharashtra|http://dbpedia.org/resource/Maharashtra|city|0
188|Kolhapur|http://dbpedia.org/resource/Kolhapur|city|0
189|Habra|http://dbpedia.org/resource/Habra|city|0
190|Bihar|http://dbpedia.org/resource/Bihar|city|0
191|Hyderabad|http://dbpedia.org/resource/Hyderabad|city|0
192|Kadapa|http://dbpedia.org/resource/Kadapa|city|0
193|Bhilai|http://dbpedia.org/resource/Bhilai|city|0
194|Tirunelveli|http://dbpedia.org/resource/Tirunelveli|city|0
195|Moradabad|http://dbpedia.org/resource/Moradabad|city|0
196|Tiruvallur_district|http://dbpedia.org/resource/Tiruvallur_district|city|0
197|Nashik|http://dbpedia.org/resource/Nashik|city|0
198|Anand|http://dbpedia.org/resource/Anand|city|0
199|Sion|http://dbpedia.org/resource/Sion|city|0
200|Aizawl|http://dbpedia.org/resource/Aizawl|city|0
201|Jhansi|http://dbpedia.org/resource/Jhansi|city|0
202|Serampore|http://dbpedia.org/resource/Serampore|city|0
203|Asansol|http://dbpedia.org/resource/Asansol|city|0
204|Varanasi|http://dbpedia.org/resource/Varanasi|city|0
205|Navi_Mumbai|http://dbpedia.org/resource/Navi_Mumbai|city|0
206|Vadodara|http://dbpedia.org/resource/Vadodara|city|0
207|Patna|http://dbpedia.org/resource/Patna|city|0
208|Jajapur|http://dbpedia.org/resource/Jajapur|city|0
209|Bareilly|http://dbpedia.org/resource/Bareilly|city|0
210|Tamil_Nadu|http://dbpedia.org/resource/Tamil_Nadu|city|0
211|Ranchi|http://dbpedia.org/resource/Ranchi|city|0
212|Gulbarga|http://dbpedia.org/resource/Gulbarga|city|0
213|Erode|http://dbpedia.org/resource/Erode|city|0
214|Arambag|http://dbpedia.org/resource/Arambag|city|0
215|Howrah|http://dbpedia.org/resource/Howrah|city|0
216|Jaipur|http://dbpedia.org/resource/Jaipur|city|0
217|Kasaragod|http://dbpedia.org/resource/Kasaragod|city|0
218|Vallabh_Vidhyanagar|http://dbpedia.org/resource/Vallabh_Vidhyanagar|city|0
219|Suri|http://dbpedia.org/resource/Suri|city|0
220|Assam|http://dbpedia.org/resource/Assam|city|0
221|Greater_Noida|http://dbpedia.org/resource/Greater_Noida|city|0
222|Jorhat|http://dbpedia.org/resource/Jorhat|city|0
223|Allahabad|http://dbpedia.org/resource/Allahabad|city|0
224|Rajasthan|http://dbpedia.org/resource/Rajasthan|city|0
225|Aurangabad|http://dbpedia.org/resource/Aurangabad|city|0
226|Hisar|http://dbpedia.org/resource/Hisar|city|0
227|Haldwani|http://dbpedia.org/resource/Haldwani|city|0
228|Dum_Dum|http://dbpedia.org/resource/Dum_Dum|city|0
229|Vijayawada|http://dbpedia.org/resource/Vijayawada|city|0
230|Solapur|http://dbpedia.org/resource/Solapur|city|0
231|Malappuram|http://dbpedia.org/resource/Malappuram|city|0
232|Thanjavur|http://dbpedia.org/resource/Thanjavur|city|0
233|Dharwad|http://dbpedia.org/resource/Dharwad|city|0
234|Nalgonda|http://dbpedia.org/resource/Nalgonda|city|0
235|English_Bazar|http://dbpedia.org/resource/English_Bazar|city|0
236|Bankura|http://dbpedia.org/resource/Bankura|city|0
237|Belgaum|http://dbpedia.org/resource/Belgaum|city|0
238|Namakkal|http://dbpedia.org/resource/Namakkal|city|0
239|Balasore|http://dbpedia.org/resource/Balasore|city|0
240|Palayamkottai|http://dbpedia.org/resource/Palayamkottai|city|0
241|Chetpet|http://dbpedia.org/resource/Chetpet|city|0
242|Mangalore|http://dbpedia.org/resource/Mangalore|city|0
243|Nellore|http://dbpedia.org/resource/Nellore|city|0
244|Patiala|http://dbpedia.org/resource/Patiala|city|0
245|Madurai|http://dbpedia.org/resource/Madurai|city|0
246|Karaikudi|http://dbpedia.org/resource/Karaikudi|city|0
247|Karnataka|http://dbpedia.org/resource/Karnataka|city|0
248|Bahadurgarh|http://dbpedia.org/resource/Bahadurgarh|city|0
249|Silchar|http://dbpedia.org/resource/Silchar|city|0
250|Kandivali|http://dbpedia.org/resource/Kandivali|city|0
251|Ghaziabad|http://dbpedia.org/resource/Ghaziabad|city|0
252|Rajahmundry|http://dbpedia.org/resource/Rajahmundry|city|0
253|Dehradun|http://dbpedia.org/resource/Dehradun|city|0
254|Kozhikode|http://dbpedia.org/resource/Kozhikode|city|0
255|Salem|http://dbpedia.org/resource/Salem|city|0
256|Barasat|http://dbpedia.org/resource/Barasat|city|0
257|Guwahati|http://dbpedia.org/resource/Guwahati|city|0
258|Shimoga|http://dbpedia.org/resource/Shimoga|city|0
259|Kollam|http://dbpedia.org/resource/Kollam|city|0
260|Krishnanagar|http://dbpedia.org/resource/Krishnanagar|city|0
261|Ernakulam|http://dbpedia.org/resource/Ernakulam|city|0
262|Mumbai|http://dbpedia.org/resource/Mumbai|city|0
263|Talcher|http://dbpedia.org/resource/Talcher|city|0
264|Warangal|http://dbpedia.org/resource/Warangal|city|0
265|Goa|http://dbpedia.org/resource/Goa|city|0
266|Ajmer|http://dbpedia.org/resource/Ajmer|city|0
267|Raipur|http://dbpedia.org/resource/Raipur|city|0
268|Kerala|http://dbpedia.org/resource/Kerala|city|0
269|Jalpaiguri|http://dbpedia.org/resource/Jalpaiguri|city|0
270|Brahmavar|http://dbpedia.org/resource/Brahmavar|city|0
271|Manipal|http://dbpedia.org/resource/Manipal|city|0
272|Udaipur|http://dbpedia.org/resource/Udaipur|city|0
273|Tiruvallur|http://dbpedia.org/resource/Tiruvallur|city|0
274|Dhenkanal|http://dbpedia.org/resource/Dhenkanal|city|0
275|Thrissur|http://dbpedia.org/resource/Thrissur|city|0
276|Bandra|http://dbpedia.org/resource/Bandra|city|0
277|Chandigarh|http://dbpedia.org/resource/Chandigarh|city|0
278|Munsirhat|http://dbpedia.org/resource/Munsirhat|city|0
279|Tirupati|http://dbpedia.org/resource/Tirupati|city|0
280|Midnapore|http://dbpedia.org/resource/Midnapore|city|0
281|Poonamallee|http://dbpedia.org/resource/Poonamallee|city|0
282|Nalanda|http://dbpedia.org/resource/Nalanda|city|0
283|Jabalpur|http://dbpedia.org/resource/Jabalpur|city|0
284|Faridabad|http://dbpedia.org/resource/Faridabad|city|0
285|Rupnagar|http://dbpedia.org/resource/Rupnagar|city|0
286|Guntur|http://dbpedia.org/resource/Guntur|city|0
287|Kottayam|http://dbpedia.org/resource/Kottayam|city|0
288|Bhubaneswar|http://dbpedia.org/resource/Bhubaneswar|city|0
289|Fatehgarh_Sahib|http://dbpedia.org/resource/Fatehgarh_Sahib|city|0
290|Barrackpore|http://dbpedia.org/resource/Barrackpore|city|0
291|Gaya|http://dbpedia.org/resource/Gaya|city|0
292|Kashipur|http://dbpedia.org/resource/Kashipur|city|0
293|Gangtok|http://dbpedia.org/resource/Gangtok|city|0
294|Nerul|http://dbpedia.org/resource/Nerul|city|0
295|Bilaspur|http://dbpedia.org/resource/Bilaspur|city|0
296|Thiruchendur|http://dbpedia.org/resource/Thiruchendur|city|0
297|Gwalior|http://dbpedia.org/resource/Gwalior|city|0
298|Gujarat|http://dbpedia.org/resource/Gujarat|city|0
299|Indore|http://dbpedia.org/resource/Indore|city|0
300|Palakkad|http://dbpedia.org/resource/Palakkad|city|0
301|New_Delhi|http://dbpedia.org/resource/New_Delhi|city|0
302|Secunderabad|http://dbpedia.org/resource/Secunderabad|city|0
303|Durg|http://dbpedia.org/resource/Durg|city|0
304|Raniganj|http://dbpedia.org/resource/Raniganj|city|0
305|Thiruvananthapuram|http://dbpedia.org/resource/Thiruvananthapuram|city|0
306|Jamshedpur|http://dbpedia.org/resource/Jamshedpur|city|0
307|Bhagalpur|http://dbpedia.org/resource/Bhagalpur|city|0
308|Aligarh|http://dbpedia.org/resource/Aligarh|city|0
309|Sambalpur|http://dbpedia.org/resource/Sambalpur|city|0
310|Latur|http://dbpedia.org/resource/Latur|city|0
311|Zhengzhou|http://dbpedia.org/resource/Zhengzhou|city|1
312|Chishui|http://dbpedia.org/resource/Chishui|city|1
313|Donggang|http://dbpedia.org/resource/Donggang|city|1
314|Dandong|http://dbpedia.org/resource/Dandong|city|1
315|Chaohu|http://dbpedia.org/resource/Chaohu|city|1
316|Changji|http://dbpedia.org/resource/Changji|city|1
317|Bayannur|http://dbpedia.org/resource/Bayannur|city|1
318|Zhangzhou|http://dbpedia.org/resource/Zhangzhou|city|1
319|Huanggang|http://dbpedia.org/resource/Huanggang|city|1
320|Genhe|http://dbpedia.org/resource/Genhe|city|1
321|Baicheng|http://dbpedia.org/resource/Baicheng|city|1
322|Shenzhen|http://dbpedia.org/resource/Shenzhen|city|1
323|Deyang|http://dbpedia.org/resource/Deyang|city|1
324|Baiyin|http://dbpedia.org/resource/Baiyin|city|1
325|Bole|http://dbpedia.org/resource/Bole|city|1
326|Xi'an|http://dbpedia.org/resource/Xi'an|city|1
327|Ezhou|http://dbpedia.org/resource/Ezhou|city|1
328|Baoshan|http://dbpedia.org/resource/Baoshan|city|1
329|Baotou|http://dbpedia.org/resource/Baotou|city|1
330|Danyang|http://dbpedia.org/resource/Danyang|city|1
331|Changzhi|http://dbpedia.org/resource/Changzhi|city|1
332|Yueyang|http://dbpedia.org/resource/Yueyang|city|1
333|Diaobingshan|http://dbpedia.org/resource/Diaobingshan|city|1
334|Fuyang|http://dbpedia.org/resource/Fuyang|city|1
335|Dingxi|http://dbpedia.org/resource/Dingxi|city|1
336|Dunhuang|http://dbpedia.org/resource/Dunhuang|city|1
337|Nanning|http://dbpedia.org/resource/Nanning|city|1
338|Altay|http://dbpedia.org/resource/Altay|city|1
339|Fuqing|http://dbpedia.org/resource/Fuqing|city|1
340|Bei'an|http://dbpedia.org/resource/Bei'an|city|1
341|Anguo|http://dbpedia.org/resource/Anguo|city|1
342|Beihai|http://dbpedia.org/resource/Beihai|city|1
343|Daye|http://dbpedia.org/resource/Daye|city|1
344|Xinzheng|http://dbpedia.org/resource/Xinzheng|city|1
345|Harbin|http://dbpedia.org/resource/Harbin|city|1
346|Anshan|http://dbpedia.org/resource/Anshan|city|1
347|Duyun|http://dbpedia.org/resource/Duyun|city|1
348|Dongtai|http://dbpedia.org/resource/Dongtai|city|1
349|Xinxiang|http://dbpedia.org/resource/Xinxiang|city|1
350|Macau|http://dbpedia.org/resource/Macau|city|1
351|Da'an|http://dbpedia.org/resource/Da'an|city|1
352|Shenyang|http://dbpedia.org/resource/Shenyang|city|1
353|Dengta|http://dbpedia.org/resource/Dengta|city|1
354|Bijie|http://dbpedia.org/resource/Bijie|city|1
355|Aral|http://dbpedia.org/resource/Aral|city|1
356|Fujin|http://dbpedia.org/resource/Fujin|city|1
357|Chuzhou|http://dbpedia.org/resource/Chuzhou|city|1
358|Cenxi|http://dbpedia.org/resource/Cenxi|city|1
359|Songjiang_District|http://dbpedia.org/resource/Songjiang_District|city|1
360|Benxi|http://dbpedia.org/resource/Benxi|city|1
361|Datong|http://dbpedia.org/resource/Datong|city|1
362|Changde|http://dbpedia.org/resource/Changde|city|1
363|Bazhong|http://dbpedia.org/resource/Bazhong|city|1
364|Guilin|http://dbpedia.org/resource/Guilin|city|1
365|Mbabane|http://dbpedia.org/resource/Mbabane|city|1
366|Gaocheng|http://dbpedia.org/resource/Gaocheng|city|1
367|Anshun|http://dbpedia.org/resource/Anshun|city|1
368|Baise|http://dbpedia.org/resource/Baise|city|1
369|Dujiangyan|http://dbpedia.org/resource/Dujiangyan|city|1
370|Fangchenggang|http://dbpedia.org/resource/Fangchenggang|city|1
371|Erenhot|http://dbpedia.org/resource/Erenhot|city|1
372|Baoding|http://dbpedia.org/resource/Baoding|city|1
373|Ergun|http://dbpedia.org/resource/Ergun|city|1
374|Dunhua|http://dbpedia.org/resource/Dunhua|city|1
375|Gaoping|http://dbpedia.org/resource/Gaoping|city|1
376|Guangzhou|http://dbpedia.org/resource/Guangzhou|city|1
377|Hefei|http://dbpedia.org/resource/Hefei|city|1
378|Changle|http://dbpedia.org/resource/Changle|city|1
379|Luoyang|http://dbpedia.org/resource/Luoyang|city|1
380|Beipiao|http://dbpedia.org/resource/Beipiao|city|1
381|Dezhou|http://dbpedia.org/resource/Dezhou|city|1
382|Chongzuo|http://dbpedia.org/resource/Chongzuo|city|1
383|Baoji|http://dbpedia.org/resource/Baoji|city|1
384|Chenzhou|http://dbpedia.org/resource/Chenzhou|city|1
385|Pudong|http://dbpedia.org/resource/Pudong|city|1
386|Shijiazhuang|http://dbpedia.org/resource/Shijiazhuang|city|1
387|Hangzhou|http://dbpedia.org/resource/Hangzhou|city|1
388|Fuzhou|http://dbpedia.org/resource/Fuzhou|city|1
389|Changzhou|http://dbpedia.org/resource/Changzhou|city|1
390|Taiyuan|http://dbpedia.org/resource/Taiyuan|city|1
391|Foshan|http://dbpedia.org/resource/Foshan|city|1
392|Ankang|http://dbpedia.org/resource/Ankang|city|1
393|Gejiu|http://dbpedia.org/resource/Gejiu|city|1
394|Dongyang|http://dbpedia.org/resource/Dongyang|city|1
395|Anning|http://dbpedia.org/resource/Anning|city|1
396|Dexing|http://dbpedia.org/resource/Dexing|city|1
397|Zhuhai|http://dbpedia.org/resource/Zhuhai|city|1
398|Gaomi|http://dbpedia.org/resource/Gaomi|city|1
399|Ürümqi|http://dbpedia.org/resource/Ürümqi|city|1
400|Beiliu|http://dbpedia.org/resource/Beiliu|city|1
401|Fuquan|http://dbpedia.org/resource/Fuquan|city|1
402|Chaozhou|http://dbpedia.org/resource/Chaozhou|city|1
403|Conghua|http://dbpedia.org/resource/Conghua|city|1
404|Dangyang|http://dbpedia.org/resource/Dangyang|city|1
405|Fukang|http://dbpedia.org/resource/Fukang|city|1
406|Chaoyang|http://dbpedia.org/resource/Chaoyang|city|1
407|Fuxin|http://dbpedia.org/resource/Fuxin|city|1
408|Changyi|http://dbpedia.org/resource/Changyi|city|1
409|Chongzhou|http://dbpedia.org/resource/Chongzhou|city|1
410|Enping|http://dbpedia.org/resource/Enping|city|1
411|Dehui|http://dbpedia.org/resource/Dehui|city|1
412|Quanzhou|http://dbpedia.org/resource/Quanzhou|city|1
413|Emeishan|http://dbpedia.org/resource/Emeishan|city|1
414|Anqiu|http://dbpedia.org/resource/Anqiu|city|1
415|Beitun|http://dbpedia.org/resource/Beitun|city|1
416|Changning|http://dbpedia.org/resource/Changning|city|1
417|Gaizhou|http://dbpedia.org/resource/Gaizhou|city|1
418|Dongguan|http://dbpedia.org/resource/Dongguan|city|1
419|Lanzhou|http://dbpedia.org/resource/Lanzhou|city|1
420|Beibei_District|http://dbpedia.org/resource/Beibei_District|city|1
421|Shantou|http://dbpedia.org/resource/Shantou|city|1
422|Dazhou|http://dbpedia.org/resource/Dazhou|city|1
423|Feicheng|http://dbpedia.org/resource/Feicheng|city|1
424|Yantai|http://dbpedia.org/resource/Yantai|city|1
425|Gaoyao|http://dbpedia.org/resource/Gaoyao|city|1
426|Dali|http://dbpedia.org/resource/Dali|city|1
427|Kunming|http://dbpedia.org/resource/Kunming|city|1
428|Fu'an|http://dbpedia.org/resource/Fu'an|city|1
429|Brooklyn|http://dbpedia.org/resource/Brooklyn|city|1
430|Botou|http://dbpedia.org/resource/Botou|city|1
431|Danzhou|http://dbpedia.org/resource/Danzhou|city|1
432|Bozhou|http://dbpedia.org/resource/Bozhou|city|1
433|Danjiangkou|http://dbpedia.org/resource/Danjiangkou|city|1
434|Nanchang|http://dbpedia.org/resource/Nanchang|city|1
435|Baishan|http://dbpedia.org/resource/Baishan|city|1
436|Gaozhou|http://dbpedia.org/resource/Gaozhou|city|1
437|Anda|http://dbpedia.org/resource/Anda|city|1
438|Arxan|http://dbpedia.org/resource/Arxan|city|1
439|Changge|http://dbpedia.org/resource/Changge|city|1
440|Changshu|http://dbpedia.org/resource/Changshu|city|1
441|Nan'an_District|http://dbpedia.org/resource/Nan'an_District|city|1
442|Nanchong|http://dbpedia.org/resource/Nanchong|city|1
443|Putian|http://dbpedia.org/resource/Putian|city|1
444|Dafeng|http://dbpedia.org/resource/Dafeng|city|1
445|Dongfang|http://dbpedia.org/resource/Dongfang|city|1
446|Chizhou|http://dbpedia.org/resource/Chizhou|city|1
447|Beijing|http://dbpedia.org/resource/Beijing|city|1
448|Haidian_District|http://dbpedia.org/resource/Haidian_District|city|1
449|Cixi|http://dbpedia.org/resource/Cixi|city|1
450|Xiangtan|http://dbpedia.org/resource/Xiangtan|city|1
451|Dongying|http://dbpedia.org/resource/Dongying|city|1
452|Fenyang|http://dbpedia.org/resource/Fenyang|city|1
453|Hengyang|http://dbpedia.org/resource/Hengyang|city|1
454|Anlu|http://dbpedia.org/resource/Anlu|city|1
455|Shihezi|http://dbpedia.org/resource/Shihezi|city|1
456|Golmud|http://dbpedia.org/resource/Golmud|city|1
457|Fuyu|http://dbpedia.org/resource/Fuyu|city|1
458|Gaobeidian|http://dbpedia.org/resource/Gaobeidian|city|1
459|Tianjin|http://dbpedia.org/resource/Tianjin|city|1
460|Shanghai|http://dbpedia.org/resource/Shanghai|city|1
461|Beizhen|http://dbpedia.org/resource/Beizhen|city|1
462|Cangzhou|http://dbpedia.org/resource/Cangzhou|city|1
463|Fuzhou,|http://dbpedia.org/resource/Fuzhou,|city|1
464|Fengcheng,|http://dbpedia.org/resource/Fengcheng,|city|1
465|Chibi|http://dbpedia.org/resource/Chibi|city|1
466|Fengzhen|http://dbpedia.org/resource/Fengzhen|city|1
467|Chuxiong|http://dbpedia.org/resource/Chuxiong|city|1
468|Qiqihar|http://dbpedia.org/resource/Qiqihar|city|1
469|Hong_Kong|http://dbpedia.org/resource/Hong_Kong|city|1
470|Alashankou|http://dbpedia.org/resource/Alashankou|city|1
471|Huainan|http://dbpedia.org/resource/Huainan|city|1
472|Ma'anshan|http://dbpedia.org/resource/Ma'anshan|city|1
473|Changchun|http://dbpedia.org/resource/Changchun|city|1
474|Wuhan|http://dbpedia.org/resource/Wuhan|city|1
475|Gaoyou|http://dbpedia.org/resource/Gaoyou|city|1
476|Yinchuan|http://dbpedia.org/resource/Yinchuan|city|1
477|Fushun|http://dbpedia.org/resource/Fushun|city|1
478|Dongxing|http://dbpedia.org/resource/Dongxing|city|1
479|Chifeng|http://dbpedia.org/resource/Chifeng|city|1
480|Qingdao|http://dbpedia.org/resource/Qingdao|city|1
481|Chongqing|http://dbpedia.org/resource/Chongqing|city|1
482|Fuding|http://dbpedia.org/resource/Fuding|city|1
483|Dengzhou|http://dbpedia.org/resource/Dengzhou|city|1
484|Gongyi|http://dbpedia.org/resource/Gongyi|city|1
485|Dengfeng|http://dbpedia.org/resource/Dengfeng|city|1
486|Daqing|http://dbpedia.org/resource/Daqing|city|1
487|Changsha|http://dbpedia.org/resource/Changsha|city|1
488|Anqing|http://dbpedia.org/resource/Anqing|city|1
489|Bazhou|http://dbpedia.org/resource/Bazhou|city|1
490|Dingzhou|http://dbpedia.org/resource/Dingzhou|city|1
491|Suzhou|http://dbpedia.org/resource/Suzhou|city|1
492|Fuling_District|http://dbpedia.org/resource/Fuling_District|city|1
493|Anyang|http://dbpedia.org/resource/Anyang|city|1
494|Dalian|http://dbpedia.org/resource/Dalian|city|1
495|Enshi|http://dbpedia.org/resource/Enshi|city|1
496|Chengdu|http://dbpedia.org/resource/Chengdu|city|1
497|Binzhou|http://dbpedia.org/resource/Binzhou|city|1
498|Fuyang,|http://dbpedia.org/resource/Fuyang,|city|1
499|Jinan|http://dbpedia.org/resource/Jinan|city|1
500|Nanjing|http://dbpedia.org/resource/Nanjing|city|1
501|Bengbu|http://dbpedia.org/resource/Bengbu|city|1
502|Ganzhou|http://dbpedia.org/resource/Ganzhou|city|1
503|Chengde|http://dbpedia.org/resource/Chengde|city|1
504|Kowloon|http://dbpedia.org/resource/Kowloon|city|1
505|Fenghua|http://dbpedia.org/resource/Fenghua|city|1
506|Gao'an|http://dbpedia.org/resource/Gao'an|city|1
507|Artux|http://dbpedia.org/resource/Artux|city|1
508|Dashiqiao|http://dbpedia.org/resource/Dashiqiao|city|1
509|Shanxi|http://dbpedia.org/resource/Shanxi|city|1
510|Luanda|http://dbpedia.org/resource/Luanda|city|2
511|Vienna|http://dbpedia.org/resource/Vienna|city|3
512|Baku|http://dbpedia.org/resource/Baku|city|4
513|Carmen_Pampa|http://dbpedia.org/resource/Carmen_Pampa|city|5
514|Sarajevo|http://dbpedia.org/resource/Sarajevo|city|6
515|Sofia|http://dbpedia.org/resource/Sofia|city|7
516|Chad|http://dbpedia.org/resource/Chad|city|8
517|Zagreb|http://dbpedia.org/resource/Zagreb|city|9
518|Copenhagen|http://dbpedia.org/resource/Copenhagen|city|10
519|Santo_Domingo|http://dbpedia.org/resource/Santo_Domingo|city|11
520|San_Salvador|http://dbpedia.org/resource/San_Salvador|city|12
521|Tallinn|http://dbpedia.org/resource/Tallinn|city|13
522|Helsinki|http://dbpedia.org/resource/Helsinki|city|14
523|Tegucigalpa|http://dbpedia.org/resource/Tegucigalpa|city|15
524|Ma_Liu_Shui|http://dbpedia.org/resource/Ma_Liu_Shui|city|16
525|Jerusalem|http://dbpedia.org/resource/Jerusalem|city|17
526|Amman|http://dbpedia.org/resource/Amman|city|18
527|Vientiane|http://dbpedia.org/resource/Vientiane|city|19
528|Riga|http://dbpedia.org/resource/Riga|city|20
529|Monrovia|http://dbpedia.org/resource/Monrovia|city|21
530|Benghazi|http://dbpedia.org/resource/Benghazi|city|22
531|Vilnius|http://dbpedia.org/resource/Vilnius|city|23
532|San_Gwann|http://dbpedia.org/resource/San_Gwann|city|24
533|Nouakchott|http://dbpedia.org/resource/Nouakchott|city|25
534|Moka|http://dbpedia.org/resource/Moka|city|26
535|Ulan_Bator|http://dbpedia.org/resource/Ulan_Bator|city|27
536|Windhoek|http://dbpedia.org/resource/Windhoek|city|28
537|Auckland|http://dbpedia.org/resource/Auckland|city|29
538|Managua|http://dbpedia.org/resource/Managua|city|30
539|Belfast|http://dbpedia.org/resource/Belfast|city|31
540|Oslo|http://dbpedia.org/resource/Oslo|city|32
541|Muscat|http://dbpedia.org/resource/Muscat|city|33
542|Panama_City|http://dbpedia.org/resource/Panama_City|city|34
543|Port_Moresby|http://dbpedia.org/resource/Port_Moresby|city|35
544|Ponce|http://dbpedia.org/resource/Ponce|city|36
545|Dublin|http://dbpedia.org/resource/Dublin|city|37
546|Skopje|http://dbpedia.org/resource/Skopje|city|38
547|Butare|http://dbpedia.org/resource/Butare|city|39
548|Glasgow|http://dbpedia.org/resource/Glasgow|city|40
549|Singapore|http://dbpedia.org/resource/Singapore|city|41
550|Bratislava|http://dbpedia.org/resource/Bratislava|city|42
551|Ljubljana|http://dbpedia.org/resource/Ljubljana|city|43
552|Kwaluseni|http://dbpedia.org/resource/Kwaluseni|city|44
553|Geneva|http://dbpedia.org/resource/Geneva|city|45
554|Dushanbe|http://dbpedia.org/resource/Dushanbe|city|46
555|Montevideo|http://dbpedia.org/resource/Montevideo|city|47
556|Swansea|http://dbpedia.org/resource/Swansea|city|48
557|Guanhães|http://dbpedia.org/resource/Guanhães|city|49
558|Santos|http://dbpedia.org/resource/Santos|city|49
559|São_Luís|http://dbpedia.org/resource/São_Luís|city|49
560|Novo_Hamburgo|http://dbpedia.org/resource/Novo_Hamburgo|city|49
561|Rio_de_Janeiro|http://dbpedia.org/resource/Rio_de_Janeiro|city|49
562|Petrópolis|http://dbpedia.org/resource/Petrópolis|city|49
563|Passos|http://dbpedia.org/resource/Passos|city|49
564|Curitiba|http://dbpedia.org/resource/Curitiba|city|49
565|Poços_de_Caldas|http://dbpedia.org/resource/Poços_de_Caldas|city|49
566|Santa_Maria|http://dbpedia.org/resource/Santa_Maria|city|49
567|Goiânia|http://dbpedia.org/resource/Goiânia|city|49
568|Londrina|http://dbpedia.org/resource/Londrina|city|49
569|Diamantina|http://dbpedia.org/resource/Diamantina|city|49
570|Feira_de_Santana|http://dbpedia.org/resource/Feira_de_Santana|city|49
571|João_Monlevade|http://dbpedia.org/resource/João_Monlevade|city|49
572|Barbacena|http://dbpedia.org/resource/Barbacena|city|49
573|Manaus|http://dbpedia.org/resource/Manaus|city|49
574|Campinas|http://dbpedia.org/resource/Campinas|city|49
575|São_Carlos|http://dbpedia.org/resource/São_Carlos|city|49
576|Carangola|http://dbpedia.org/resource/Carangola|city|49
577|Bagé|http://dbpedia.org/resource/Bagé|city|49
578|Lorena|http://dbpedia.org/resource/Lorena|city|49
579|Campos_dos_Goytacazes|http://dbpedia.org/resource/Campos_dos_Goytacazes|city|49
580|Salvador|http://dbpedia.org/resource/Salvador|city|49
581|Ribeirão_Preto|http://dbpedia.org/resource/Ribeirão_Preto|city|49
582|Lavras|http://dbpedia.org/resource/Lavras|city|49
583|Criciúma|http://dbpedia.org/resource/Criciúma|city|49
584|São_Paulo|http://dbpedia.org/resource/São_Paulo|city|49
585|Recife|http://dbpedia.org/resource/Recife|city|49
586|Porto_Alegre|http://dbpedia.org/resource/Porto_Alegre|city|49
587|Uberlândia|http://dbpedia.org/resource/Uberlândia|city|49
588|Belo_Horizonte|http://dbpedia.org/resource/Belo_Horizonte|city|49
589|Serro|http://dbpedia.org/resource/Serro|city|49
590|Brasília|http://dbpedia.org/resource/Brasília|city|49
591|Itajubá|http://dbpedia.org/resource/Itajubá|city|49
592|Lagoa_da_Prata|http://dbpedia.org/resource/Lagoa_da_Prata|city|49
593|Campo_Grande|http://dbpedia.org/resource/Campo_Grande|city|49
594|Niterói|http://dbpedia.org/resource/Niterói|city|49
595|Pelotas|http://dbpedia.org/resource/Pelotas|city|49
596|Contagem|http://dbpedia.org/resource/Contagem|city|49
597|Wernigerode|http://dbpedia.org/resource/Wernigerode|city|50
598|Greifswald|http://dbpedia.org/resource/Greifswald|city|50
599|Darmstadt|http://dbpedia.org/resource/Darmstadt|city|50
600|Friedberg|http://dbpedia.org/resource/Friedberg|city|50
601|Wedel|http://dbpedia.org/resource/Wedel|city|50
602|Möckern|http://dbpedia.org/resource/Möckern|city|50
603|Ingolstadt|http://dbpedia.org/resource/Ingolstadt|city|50
604|Heidelberg|http://dbpedia.org/resource/Heidelberg|city|50
605|Speyer|http://dbpedia.org/resource/Speyer|city|50
606|Lörrach|http://dbpedia.org/resource/Lörrach|city|50
607|Ludwigsburg|http://dbpedia.org/resource/Ludwigsburg|city|50
608|Fulda|http://dbpedia.org/resource/Fulda|city|50
609|Augsburg|http://dbpedia.org/resource/Augsburg|city|50
610|Berlin|http://dbpedia.org/resource/Berlin|city|50
611|Munich|http://dbpedia.org/resource/Munich|city|50
612|Kempten|http://dbpedia.org/resource/Kempten|city|50
613|Koblenz|http://dbpedia.org/resource/Koblenz|city|50
614|Trier|http://dbpedia.org/resource/Trier|city|50
615|Othmarschen|http://dbpedia.org/resource/Othmarschen|city|50
616|Freiburg_im_Breisgau|http://dbpedia.org/resource/Freiburg_im_Breisgau|city|50
617|Hamburg|http://dbpedia.org/resource/Hamburg|city|50
618|Hanover|http://dbpedia.org/resource/Hanover|city|50
619|Nuremberg|http://dbpedia.org/resource/Nuremberg|city|50
620|Reutlingen|http://dbpedia.org/resource/Reutlingen|city|50
621|Ilmenau|http://dbpedia.org/resource/Ilmenau|city|50
622|Stuttgart|http://dbpedia.org/resource/Stuttgart|city|50
623|Aachen|http://dbpedia.org/resource/Aachen|city|50
624|Frankfurt|http://dbpedia.org/resource/Frankfurt|city|50
625|Flensburg|http://dbpedia.org/resource/Flensburg|city|50
626|Mannheim|http://dbpedia.org/resource/Mannheim|city|50
627|Mainz|http://dbpedia.org/resource/Mainz|city|50
628|Iserlohn|http://dbpedia.org/resource/Iserlohn|city|50
629|Leipzig|http://dbpedia.org/resource/Leipzig|city|50
630|Cologne|http://dbpedia.org/resource/Cologne|city|50
631|Heilbronn|http://dbpedia.org/resource/Heilbronn|city|50
632|Konstanz|http://dbpedia.org/resource/Konstanz|city|50
633|Wiesbaden|http://dbpedia.org/resource/Wiesbaden|city|50
634|Lübeck|http://dbpedia.org/resource/Lübeck|city|50
635|Kassel|http://dbpedia.org/resource/Kassel|city|50
636|Weimar|http://dbpedia.org/resource/Weimar|city|50
637|Gorontalo|http://dbpedia.org/resource/Gorontalo|city|51
638|West_Java|http://dbpedia.org/resource/West_Java|city|51
639|Surabaya|http://dbpedia.org/resource/Surabaya|city|51
640|Depok|http://dbpedia.org/resource/Depok|city|51
641|Bandar_Lampung|http://dbpedia.org/resource/Bandar_Lampung|city|51
642|Tangerang|http://dbpedia.org/resource/Tangerang|city|51
643|Surakarta|http://dbpedia.org/resource/Surakarta|city|51
644|Makassar|http://dbpedia.org/resource/Makassar|city|51
645|Yogyakarta|http://dbpedia.org/resource/Yogyakarta|city|51
646|Bangkalan|http://dbpedia.org/resource/Bangkalan|city|51
647|Ciputat|http://dbpedia.org/resource/Ciputat|city|51
648|Manokwari_Regency|http://dbpedia.org/resource/Manokwari_Regency|city|51
649|Purwokerto|http://dbpedia.org/resource/Purwokerto|city|51
650|Samarinda|http://dbpedia.org/resource/Samarinda|city|51
651|Serang|http://dbpedia.org/resource/Serang|city|51
652|Bali|http://dbpedia.org/resource/Bali|city|51
653|Padang|http://dbpedia.org/resource/Padang|city|51
654|Semarang|http://dbpedia.org/resource/Semarang|city|51
655|Manado|http://dbpedia.org/resource/Manado|city|51
656|Central_Jakarta|http://dbpedia.org/resource/Central_Jakarta|city|51
657|Medan|http://dbpedia.org/resource/Medan|city|51
658|Bengkulu|http://dbpedia.org/resource/Bengkulu|city|51
659|Manokwari|http://dbpedia.org/resource/Manokwari|city|51
660|Jakarta|http://dbpedia.org/resource/Jakarta|city|51
661|Indonesia|http://dbpedia.org/resource/Indonesia|city|51
662|Tarakan|http://dbpedia.org/resource/Tarakan|city|51
663|Bandung|http://dbpedia.org/resource/Bandung|city|51
664|Banda_Aceh|http://dbpedia.org/resource/Banda_Aceh|city|51
665|Banjarmasin|http://dbpedia.org/resource/Banjarmasin|city|51
666|Jambi_City|http://dbpedia.org/resource/Jambi_City|city|51
667|Pontianak|http://dbpedia.org/resource/Pontianak|city|51
668|Mataram|http://dbpedia.org/resource/Mataram|city|51
669|Jimbaran|http://dbpedia.org/resource/Jimbaran|city|51
670|Ambon|http://dbpedia.org/resource/Ambon|city|51
671|Badung_Regency|http://dbpedia.org/resource/Badung_Regency|city|51
672|Kupang|http://dbpedia.org/resource/Kupang|city|51
673|Magelang|http://dbpedia.org/resource/Magelang|city|51
674|West_Papua|http://dbpedia.org/resource/West_Papua|city|51
675|South_Tangerang|http://dbpedia.org/resource/South_Tangerang|city|51
676|Tegal_Regency|http://dbpedia.org/resource/Tegal_Regency|city|51
677|Nagoya|http://dbpedia.org/resource/Nagoya|city|52
678|Yokosuka|http://dbpedia.org/resource/Yokosuka|city|52
679|Chiba|http://dbpedia.org/resource/Chiba|city|52
680|Chiyoda|http://dbpedia.org/resource/Chiyoda|city|52
681|Shibuya|http://dbpedia.org/resource/Shibuya|city|52
682|Nara|http://dbpedia.org/resource/Nara|city|52
683|Hachiōji|http://dbpedia.org/resource/Hachiōji|city|52
684|Sagamihara|http://dbpedia.org/resource/Sagamihara|city|52
685|Ichikawa|http://dbpedia.org/resource/Ichikawa|city|52
686|Kyoto|http://dbpedia.org/resource/Kyoto|city|52
687|Gifu|http://dbpedia.org/resource/Gifu|city|52
688|Toyoake|http://dbpedia.org/resource/Toyoake|city|52
689|Fujisawa|http://dbpedia.org/resource/Fujisawa|city|52
690|Okazaki|http://dbpedia.org/resource/Okazaki|city|52
691|Hirosaki|http://dbpedia.org/resource/Hirosaki|city|52
692|Nagakute|http://dbpedia.org/resource/Nagakute|city|52
693|Akita_City|http://dbpedia.org/resource/Akita_City|city|52
694|Nagasaki|http://dbpedia.org/resource/Nagasaki|city|52
695|Shimonoseki|http://dbpedia.org/resource/Shimonoseki|city|52
696|Aomori|http://dbpedia.org/resource/Aomori|city|52
697|Tokyo|http://dbpedia.org/resource/Tokyo|city|52
698|Toyohashi|http://dbpedia.org/resource/Toyohashi|city|52
699|Toyota|http://dbpedia.org/resource/Toyota|city|52
700|Owariasahi|http://dbpedia.org/resource/Owariasahi|city|52
701|Bunkyo|http://dbpedia.org/resource/Bunkyo|city|52
702|Hamamatsu|http://dbpedia.org/resource/Hamamatsu|city|52
703|Nisshin|http://dbpedia.org/resource/Nisshin|city|52
704|Niigata|http://dbpedia.org/resource/Niigata|city|52
705|Machida|http://dbpedia.org/resource/Machida|city|52
706|Osaka|http://dbpedia.org/resource/Osaka|city|52
707|Aichi_Prefecture|http://dbpedia.org/resource/Aichi_Prefecture|city|52
708|Sapporo|http://dbpedia.org/resource/Sapporo|city|52
709|Setagaya|http://dbpedia.org/resource/Setagaya|city|52
710|Hachinohe|http://dbpedia.org/resource/Hachinohe|city|52
711|Yokohama|http://dbpedia.org/resource/Yokohama|city|52
712|Atsugi|http://dbpedia.org/resource/Atsugi|city|52
713|Kobe|http://dbpedia.org/resource/Kobe|city|52
714|Kagoshima|http://dbpedia.org/resource/Kagoshima|city|52
715|Tokushima|http://dbpedia.org/resource/Tokushima|city|52
716|Chikusa-ku|http://dbpedia.org/resource/Chikusa-ku|city|52
717|Monterrey|http://dbpedia.org/resource/Monterrey|city|53
718|Mexicali|http://dbpedia.org/resource/Mexicali|city|53
719|Chihuahua|http://dbpedia.org/resource/Chihuahua|city|53
720|Zacapoaxtla|http://dbpedia.org/resource/Zacapoaxtla|city|53
721|Culiacán|http://dbpedia.org/resource/Culiacán|city|53
722|San_Nicolás_de_los_Garza|http://dbpedia.org/resource/San_Nicolás_de_los_Garza|city|53
723|Guadalajara|http://dbpedia.org/resource/Guadalajara|city|53
724|Villahermosa|http://dbpedia.org/resource/Villahermosa|city|53
725|Antón_Lizardo|http://dbpedia.org/resource/Antón_Lizardo|city|53
726|Ciudad_Obregón|http://dbpedia.org/resource/Ciudad_Obregón|city|53
727|Tlalpan|http://dbpedia.org/resource/Tlalpan|city|53
728|Saltillo|http://dbpedia.org/resource/Saltillo|city|53
729|San_Pedro_Garza_García|http://dbpedia.org/resource/San_Pedro_Garza_García|city|53
730|Montemorelos|http://dbpedia.org/resource/Montemorelos|city|53
731|Pedro_Escobedo|http://dbpedia.org/resource/Pedro_Escobedo|city|53
732|Ensenada|http://dbpedia.org/resource/Ensenada|city|53
733|Mexico_City|http://dbpedia.org/resource/Mexico_City|city|53
734|Querétaro|http://dbpedia.org/resource/Querétaro|city|53
735|Puebla|http://dbpedia.org/resource/Puebla|city|53
736|Toluca|http://dbpedia.org/resource/Toluca|city|53
737|Oaxaca|http://dbpedia.org/resource/Oaxaca|city|53
738|Jiquilpan|http://dbpedia.org/resource/Jiquilpan|city|53
739|Irapuato|http://dbpedia.org/resource/Irapuato|city|53
740|Tlatelolco|http://dbpedia.org/resource/Tlatelolco|city|53
741|Ixtlán_de_Juárez|http://dbpedia.org/resource/Ixtlán_de_Juárez|city|53
742|Altamira|http://dbpedia.org/resource/Altamira|city|53
743|Mérida|http://dbpedia.org/resource/Mérida|city|53
744|Tijuana|http://dbpedia.org/resource/Tijuana|city|53
745|Santa_Catarina|http://dbpedia.org/resource/Santa_Catarina|city|53
746|Colima|http://dbpedia.org/resource/Colima|city|53
747|Campeche|http://dbpedia.org/resource/Campeche|city|53
748|San_Luis_Potosí|http://dbpedia.org/resource/San_Luis_Potosí|city|53
749|Cancún|http://dbpedia.org/resource/Cancún|city|53
750|Coyoacán|http://dbpedia.org/resource/Coyoacán|city|53
751|Tepic|http://dbpedia.org/resource/Tepic|city|53
752|Hermosillo|http://dbpedia.org/resource/Hermosillo|city|53
753|Chapingo|http://dbpedia.org/resource/Chapingo|city|53
754|Morelia|http://dbpedia.org/resource/Morelia|city|53
755|Nuevo_Laredo|http://dbpedia.org/resource/Nuevo_Laredo|city|53
756|Sukkur|http://dbpedia.org/resource/Sukkur|city|54
757|Khuzdar|http://dbpedia.org/resource/Khuzdar|city|54
758|Larkana_District|http://dbpedia.org/resource/Larkana_District|city|54
759|Jhang|http://dbpedia.org/resource/Jhang|city|54
760|Nawabshah|http://dbpedia.org/resource/Nawabshah|city|54
761|Swat|http://dbpedia.org/resource/Swat|city|54
762|http://maps.google.com/maps?ll=25.530889,69.017306&spn=0.01,0.01&t=m&q=25.530889,69.017306|http://dbpedia.org/resource/http://maps.google.com/maps?ll=25.530889,69.017306&spn=0.01,0.01&t=m&q=25.530889,69.017306|city|54
763|Sialkot|http://dbpedia.org/resource/Sialkot|city|54
764|Ahmedpur_Sial|http://dbpedia.org/resource/Ahmedpur_Sial|city|54
765|Lahore|http://dbpedia.org/resource/Lahore|city|54
766|Kahuta|http://dbpedia.org/resource/Kahuta|city|54
767|Shorkot|http://dbpedia.org/resource/Shorkot|city|54
768|Mirpur|http://dbpedia.org/resource/Mirpur|city|54
769|Swabi|http://dbpedia.org/resource/Swabi|city|54
770|Taxila|http://dbpedia.org/resource/Taxila|city|54
771|Kharian|http://dbpedia.org/resource/Kharian|city|54
772|Quetta|http://dbpedia.org/resource/Quetta|city|54
773|Faisalabad|http://dbpedia.org/resource/Faisalabad|city|54
774|Topi|http://dbpedia.org/resource/Topi|city|54
775|Karachi|http://dbpedia.org/resource/Karachi|city|54
776|Tando_Jam|http://dbpedia.org/resource/Tando_Jam|city|54
777|Surat,India|http://dbpedia.org/resource/Surat,India|city|54
778|New_Muslim_Town|http://dbpedia.org/resource/New_Muslim_Town|city|54
779|Multan|http://dbpedia.org/resource/Multan|city|54
780|Islamabad|http://dbpedia.org/resource/Islamabad|city|54
781|Risalpur|http://dbpedia.org/resource/Risalpur|city|54
782|Islamabad/Rawalpindi,Lahore|http://dbpedia.org/resource/Islamabad/Rawalpindi,Lahore|city|54
783|Major_Cities|http://dbpedia.org/resource/Major_Cities|city|54
784|Bahria_Town|http://dbpedia.org/resource/Bahria_Town|city|54
785|Peshawar|http://dbpedia.org/resource/Peshawar|city|54
786|Dera_Ismail_Khan|http://dbpedia.org/resource/Dera_Ismail_Khan|city|54
787|Abbottabad|http://dbpedia.org/resource/Abbottabad|city|54
788|Jamshoro|http://dbpedia.org/resource/Jamshoro|city|54
789|Rawalpindi|http://dbpedia.org/resource/Rawalpindi|city|54
790|Wah_Cantonment|http://dbpedia.org/resource/Wah_Cantonment|city|54
791|Khyber_Pakhtunkhwa|http://dbpedia.org/resource/Khyber_Pakhtunkhwa|city|54
792|Sahiwal_Division|http://dbpedia.org/resource/Sahiwal_Division|city|54
793|Nilore|http://dbpedia.org/resource/Nilore|city|54
794|Rahim_Yar_Khan|http://dbpedia.org/resource/Rahim_Yar_Khan|city|54
795|Khairpur|http://dbpedia.org/resource/Khairpur|city|54
796|Iloilo_City|http://dbpedia.org/resource/Iloilo_City|city|55
797|Cabuyao|http://dbpedia.org/resource/Cabuyao|city|55
798|Kalibo|http://dbpedia.org/resource/Kalibo|city|55
799|Davao_City|http://dbpedia.org/resource/Davao_City|city|55
800|Iligan|http://dbpedia.org/resource/Iligan|city|55
801|Mandaluyong|http://dbpedia.org/resource/Mandaluyong|city|55
802|Tuguegarao|http://dbpedia.org/resource/Tuguegarao|city|55
803|Manila|http://dbpedia.org/resource/Manila|city|55
804|Cebu_City|http://dbpedia.org/resource/Cebu_City|city|55
805|Roxas|http://dbpedia.org/resource/Roxas|city|55
806|Pasay|http://dbpedia.org/resource/Pasay|city|55
807|Laoag|http://dbpedia.org/resource/Laoag|city|55
808|Legazpi|http://dbpedia.org/resource/Legazpi|city|55
809|Ermita|http://dbpedia.org/resource/Ermita|city|55
810|Dumaguete|http://dbpedia.org/resource/Dumaguete|city|55
811|Bacolod|http://dbpedia.org/resource/Bacolod|city|55
812|Los_Baños|http://dbpedia.org/resource/Los_Baños|city|55
813|Silang|http://dbpedia.org/resource/Silang|city|55
814|Taguig|http://dbpedia.org/resource/Taguig|city|55
815|Biñan|http://dbpedia.org/resource/Biñan|city|55
816|Lipa|http://dbpedia.org/resource/Lipa|city|55
817|Zamboanga_City|http://dbpedia.org/resource/Zamboanga_City|city|55
818|Intramuros|http://dbpedia.org/resource/Intramuros|city|55
819|Malate|http://dbpedia.org/resource/Malate|city|55
820|Dagupan|http://dbpedia.org/resource/Dagupan|city|55
821|Angeles|http://dbpedia.org/resource/Angeles|city|55
822|Makati|http://dbpedia.org/resource/Makati|city|55
823|Tacloban|http://dbpedia.org/resource/Tacloban|city|55
824|Cagayan_de_Oro|http://dbpedia.org/resource/Cagayan_de_Oro|city|55
825|Cavite_City|http://dbpedia.org/resource/Cavite_City|city|55
826|Quezon_City|http://dbpedia.org/resource/Quezon_City|city|55
827|Sampaloc|http://dbpedia.org/resource/Sampaloc|city|55
828|Bislig|http://dbpedia.org/resource/Bislig|city|55
829|Tagbilaran|http://dbpedia.org/resource/Tagbilaran|city|55
830|Santa_Rosa|http://dbpedia.org/resource/Santa_Rosa|city|55
831|San_Miguel|http://dbpedia.org/resource/San_Miguel|city|55
832|Cabanatuan|http://dbpedia.org/resource/Cabanatuan|city|55
833|Malolos|http://dbpedia.org/resource/Malolos|city|55
834|Naga|http://dbpedia.org/resource/Naga|city|55
835|Tula|http://dbpedia.org/resource/Tula|city|56
836|Rostov|http://dbpedia.org/resource/Rostov|city|56
837|Vladivostok|http://dbpedia.org/resource/Vladivostok|city|56
838|Zhukovsky|http://dbpedia.org/resource/Zhukovsky|city|56
839|Yekaterinburg|http://dbpedia.org/resource/Yekaterinburg|city|56
840|Perm|http://dbpedia.org/resource/Perm|city|56
841|Yaroslavl|http://dbpedia.org/resource/Yaroslavl|city|56
842|Krasnodar|http://dbpedia.org/resource/Krasnodar|city|56
843|Biysk|http://dbpedia.org/resource/Biysk|city|56
844|Barnaul|http://dbpedia.org/resource/Barnaul|city|56
845|Kursk|http://dbpedia.org/resource/Kursk|city|56
846|Saransk|http://dbpedia.org/resource/Saransk|city|56
847|Saint_Petersburg|http://dbpedia.org/resource/Saint_Petersburg|city|56
848|Moscow|http://dbpedia.org/resource/Moscow|city|56
849|Kemerovo_Oblast|http://dbpedia.org/resource/Kemerovo_Oblast|city|56
850|Omsk|http://dbpedia.org/resource/Omsk|city|56
851|Bishkek|http://dbpedia.org/resource/Bishkek|city|56
852|Magnitogorsk|http://dbpedia.org/resource/Magnitogorsk|city|56
853|Murmansk|http://dbpedia.org/resource/Murmansk|city|56
854|Tomsk|http://dbpedia.org/resource/Tomsk|city|56
855|Monino|http://dbpedia.org/resource/Monino|city|56
856|Kazan|http://dbpedia.org/resource/Kazan|city|56
857|Ulyanovsk|http://dbpedia.org/resource/Ulyanovsk|city|56
858|Ivanovo_Oblast|http://dbpedia.org/resource/Ivanovo_Oblast|city|56
859|Vologda|http://dbpedia.org/resource/Vologda|city|56
860|Pereslavl-Zalessky|http://dbpedia.org/resource/Pereslavl-Zalessky|city|56
861|Krasnoyarsk|http://dbpedia.org/resource/Krasnoyarsk|city|56
862|Voronezh|http://dbpedia.org/resource/Voronezh|city|56
863|Ulan-Ude|http://dbpedia.org/resource/Ulan-Ude|city|56
864|Chita|http://dbpedia.org/resource/Chita|city|56
865|Skolkovo|http://dbpedia.org/resource/Skolkovo|city|56
866|Saratov|http://dbpedia.org/resource/Saratov|city|56
867|Izhevsk|http://dbpedia.org/resource/Izhevsk|city|56
868|Moscow_International_Business_Center|http://dbpedia.org/resource/Moscow_International_Business_Center|city|56
869|Belgorod|http://dbpedia.org/resource/Belgorod|city|56
870|Ufa|http://dbpedia.org/resource/Ufa|city|56
871|Volgograd|http://dbpedia.org/resource/Volgograd|city|56
872|Zaoksky|http://dbpedia.org/resource/Zaoksky|city|56
873|Gorno-Altaysk|http://dbpedia.org/resource/Gorno-Altaysk|city|56
874|Irkutsk|http://dbpedia.org/resource/Irkutsk|city|56
875|New_Haven|http://dbpedia.org/resource/New_Haven|city|57
876|Nashville|http://dbpedia.org/resource/Nashville|city|57
877|San_Francisco|http://dbpedia.org/resource/San_Francisco|city|57
878|Chicago|http://dbpedia.org/resource/Chicago|city|57
879|Lubbock|http://dbpedia.org/resource/Lubbock|city|57
880|New_York_City|http://dbpedia.org/resource/New_York_City|city|57
881|Gainesville|http://dbpedia.org/resource/Gainesville|city|57
882|Philadelphia|http://dbpedia.org/resource/Philadelphia|city|57
883|Richmond|http://dbpedia.org/resource/Richmond|city|57
884|New_York|http://dbpedia.org/resource/New_York|city|57
885|Columbus|http://dbpedia.org/resource/Columbus|city|57
886|Indianapolis|http://dbpedia.org/resource/Indianapolis|city|57
887|Columbia|http://dbpedia.org/resource/Columbia|city|57
888|Phoenix|http://dbpedia.org/resource/Phoenix|city|57
889|Notre_Damena|http://dbpedia.org/resource/Notre_Damena|city|57
890|Pittsburgh|http://dbpedia.org/resource/Pittsburgh|city|57
891|Los_Angeles|http://dbpedia.org/resource/Los_Angeles|city|57
892|Ann_Arbor|http://dbpedia.org/resource/Ann_Arbor|city|57
893|San_Diego|http://dbpedia.org/resource/San_Diego|city|57
894|Berkeley|http://dbpedia.org/resource/Berkeley|city|57
895|Atlanta|http://dbpedia.org/resource/Atlanta|city|57
896|Jacksonville|http://dbpedia.org/resource/Jacksonville|city|57
897|Orlando|http://dbpedia.org/resource/Orlando|city|57
898|San_Antonio|http://dbpedia.org/resource/San_Antonio|city|57
899|Milwaukee|http://dbpedia.org/resource/Milwaukee|city|57
900|Cincinnati|http://dbpedia.org/resource/Cincinnati|city|57
901|Fayetteville|http://dbpedia.org/resource/Fayetteville|city|57
902|Austin|http://dbpedia.org/resource/Austin|city|57
903|Baltimore|http://dbpedia.org/resource/Baltimore|city|57
904|Houston|http://dbpedia.org/resource/Houston|city|57
905|Cambridge|http://dbpedia.org/resource/Cambridge|city|57
906|Tallahassee|http://dbpedia.org/resource/Tallahassee|city|57
907|Boston|http://dbpedia.org/resource/Boston|city|57
908|Washington|http://dbpedia.org/resource/Washington|city|57
909|Minneapolis|http://dbpedia.org/resource/Minneapolis|city|57
910|New_Orleans|http://dbpedia.org/resource/New_Orleans|city|57
911|Cleveland|http://dbpedia.org/resource/Cleveland|city|57
912|St._Louis|http://dbpedia.org/resource/St._Louis|city|57
913|Portland|http://dbpedia.org/resource/Portland|city|57
914|Ithaca|http://dbpedia.org/resource/Ithaca|city|57
915|Tuyên_Quang|http://dbpedia.org/resource/Tuyên_Quang|city|58
916|Quảng_Ngãi|http://dbpedia.org/resource/Quảng_Ngãi|city|58
917|Quy_Nhơn|http://dbpedia.org/resource/Quy_Nhơn|city|58
918|Thái_Nguyên|http://dbpedia.org/resource/Thái_Nguyên|city|58
919|Hanoi|http://dbpedia.org/resource/Hanoi|city|58
920|Nha_Trang|http://dbpedia.org/resource/Nha_Trang|city|58
921|Đông_Hà|http://dbpedia.org/resource/Đông_Hà|city|58
922|Đồng_Hới|http://dbpedia.org/resource/Đồng_Hới|city|58
923|Bắc_Giang|http://dbpedia.org/resource/Bắc_Giang|city|58
924|Bến|http://dbpedia.org/resource/Bến|city|58
925|Da_Nang|http://dbpedia.org/resource/Da_Nang|city|58
926|Nghe_An_province|http://dbpedia.org/resource/Nghe_An_province|city|58
927|Long_Xuyen|http://dbpedia.org/resource/Long_Xuyen|city|58
928|Biên_Hòa|http://dbpedia.org/resource/Biên_Hòa|city|58
929|Thái_Bình|http://dbpedia.org/resource/Thái_Bình|city|58
930|Mỹ_Tho|http://dbpedia.org/resource/Mỹ_Tho|city|58
931|Sơn_La|http://dbpedia.org/resource/Sơn_La|city|58
932|Phan_Rang–Tháp_Chàm|http://dbpedia.org/resource/Phan_Rang–Tháp_Chàm|city|58
933|Móng_Cái|http://dbpedia.org/resource/Móng_Cái|city|58
934|Phan_Thiết|http://dbpedia.org/resource/Phan_Thiết|city|58
935|Thanh_Hóa|http://dbpedia.org/resource/Thanh_Hóa|city|58
936|Điện_Biên_Phủ|http://dbpedia.org/resource/Điện_Biên_Phủ|city|58
937|Trà_Vinh|http://dbpedia.org/resource/Trà_Vinh|city|58
938|Phủ_Lý|http://dbpedia.org/resource/Phủ_Lý|city|58
939|Tuy_Hòa|http://dbpedia.org/resource/Tuy_Hòa|city|58
940|Hung_Yen_province|http://dbpedia.org/resource/Hung_Yen_province|city|58
941|Tân_An|http://dbpedia.org/resource/Tân_An|city|58
942|Vietnam|http://dbpedia.org/resource/Vietnam|city|58
943|Sóc_Trăng|http://dbpedia.org/resource/Sóc_Trăng|city|58
944|Cần_Thơ|http://dbpedia.org/resource/Cần_Thơ|city|58
945|Huế|http://dbpedia.org/resource/Huế|city|58
946|Tam_Kỳ|http://dbpedia.org/resource/Tam_Kỳ|city|58
947|Gia_lam|http://dbpedia.org/resource/Gia_lam|city|58
948|Rạch_Giá|http://dbpedia.org/resource/Rạch_Giá|city|58
949|Cua_Lo|http://dbpedia.org/resource/Cua_Lo|city|58
950|Bạc_Liêu|http://dbpedia.org/resource/Bạc_Liêu|city|58
951|Ho_Chi_Minh_City|http://dbpedia.org/resource/Ho_Chi_Minh_City|city|58
952|Bà_Rịa|http://dbpedia.org/resource/Bà_Rịa|city|58
953|Đà_Lạt|http://dbpedia.org/resource/Đà_Lạt|city|58
954|Pleiku|http://dbpedia.org/resource/Pleiku|city|58
955|Puli_Khumri|http://dbpedia.org/resource/Puli_Khumri|city|59
956|Lashkar_Gah|http://dbpedia.org/resource/Lashkar_Gah|city|59
957|Jalalabad|http://dbpedia.org/resource/Jalalabad|city|59
958|Asadabad|http://dbpedia.org/resource/Asadabad|city|59
959|Kabul|http://dbpedia.org/resource/Kabul|city|59
960|Kandahar|http://dbpedia.org/resource/Kandahar|city|59
961|Gardēz|http://dbpedia.org/resource/Gardēz|city|59
962|Herat|http://dbpedia.org/resource/Herat|city|59
963|Khost|http://dbpedia.org/resource/Khost|city|59
964|Algiers|http://dbpedia.org/resource/Algiers|city|60
965|Batna|http://dbpedia.org/resource/Batna|city|60
966|Tiaret|http://dbpedia.org/resource/Tiaret|city|60
967|El_Harrach|http://dbpedia.org/resource/El_Harrach|city|60
968|Guelma|http://dbpedia.org/resource/Guelma|city|60
969|Bab_Ezzouar|http://dbpedia.org/resource/Bab_Ezzouar|city|60
970|Chief|http://dbpedia.org/resource/Chief|city|60
971|Annaba|http://dbpedia.org/resource/Annaba|city|60
972|El_Oued|http://dbpedia.org/resource/El_Oued|city|60
973|Oran|http://dbpedia.org/resource/Oran|city|60
974|Córdoba|http://dbpedia.org/resource/Córdoba|city|61
975|Mendoza|http://dbpedia.org/resource/Mendoza|city|61
976|Buenos_Aires|http://dbpedia.org/resource/Buenos_Aires|city|61
977|Various|http://dbpedia.org/resource/Various|city|61
978|Posadas|http://dbpedia.org/resource/Posadas|city|61
979|San_Martín|http://dbpedia.org/resource/San_Martín|city|61
980|Corrientes|http://dbpedia.org/resource/Corrientes|city|61
981|Presidencia_Roque_Sáenz_Peña|http://dbpedia.org/resource/Presidencia_Roque_Sáenz_Peña|city|61
982|Rosario|http://dbpedia.org/resource/Rosario|city|61
983|San_Miguel_de_Tucumán|http://dbpedia.org/resource/San_Miguel_de_Tucumán|city|61
984|Geelong|http://dbpedia.org/resource/Geelong|city|62
985|Sydney|http://dbpedia.org/resource/Sydney|city|62
986|Canberra|http://dbpedia.org/resource/Canberra|city|62
987|Brisbane|http://dbpedia.org/resource/Brisbane|city|62
988|Melbourne|http://dbpedia.org/resource/Melbourne|city|62
989|Perth|http://dbpedia.org/resource/Perth|city|62
990|Darlington|http://dbpedia.org/resource/Darlington|city|62
991|Camperdown|http://dbpedia.org/resource/Camperdown|city|62
992|Parkville|http://dbpedia.org/resource/Parkville|city|62
993|Adelaide|http://dbpedia.org/resource/Adelaide|city|62
994|Vitebsk|http://dbpedia.org/resource/Vitebsk|city|63
995|Baranovichi|http://dbpedia.org/resource/Baranovichi|city|63
996|Bobruysk|http://dbpedia.org/resource/Bobruysk|city|63
997|Mogilev|http://dbpedia.org/resource/Mogilev|city|63
998|Gomel|http://dbpedia.org/resource/Gomel|city|63
999|Borisov|http://dbpedia.org/resource/Borisov|city|63
1000|Minsk|http://dbpedia.org/resource/Minsk|city|63
1001|Brest|http://dbpedia.org/resource/Brest|city|63
1002|Grodno|http://dbpedia.org/resource/Grodno|city|63
1003|Barysaw|http://dbpedia.org/resource/Barysaw|city|63
1004|Liège|http://dbpedia.org/resource/Liège|city|64
1005|Leuven|http://dbpedia.org/resource/Leuven|city|64
1006|Paris|http://dbpedia.org/resource/Paris|city|64
1007|Tonbridge|http://dbpedia.org/resource/Tonbridge|city|64
1008|Antwerp|http://dbpedia.org/resource/Antwerp|city|64
1009|Ottignies-Louvain-la-Neuve|http://dbpedia.org/resource/Ottignies-Louvain-la-Neuve|city|64
1010|Canterbury|http://dbpedia.org/resource/Canterbury|city|64
1011|Medway|http://dbpedia.org/resource/Medway|city|64
1012|Ghent|http://dbpedia.org/resource/Ghent|city|64
1013|Brussels|http://dbpedia.org/resource/Brussels|city|64
1014|Taungoo_Township|http://dbpedia.org/resource/Taungoo_Township|city|65
1015|Sittwe_District|http://dbpedia.org/resource/Sittwe_District|city|65
1016|Lanmadaw_Township|http://dbpedia.org/resource/Lanmadaw_Township|city|65
1017|Mayangone|http://dbpedia.org/resource/Mayangone|city|65
1018|Insein_Township|http://dbpedia.org/resource/Insein_Township|city|65
1019|Taungoo|http://dbpedia.org/resource/Taungoo|city|65
1020|Yangon|http://dbpedia.org/resource/Yangon|city|65
1021|Loikaw|http://dbpedia.org/resource/Loikaw|city|65
1022|Pyin_U_Lwin|http://dbpedia.org/resource/Pyin_U_Lwin|city|65
1023|Meiktila|http://dbpedia.org/resource/Meiktila|city|65
1024|Toronto|http://dbpedia.org/resource/Toronto|city|66
1025|Fredericton|http://dbpedia.org/resource/Fredericton|city|66
1026|Edmonton|http://dbpedia.org/resource/Edmonton|city|66
1027|Ottawa|http://dbpedia.org/resource/Ottawa|city|66
1028|London|http://dbpedia.org/resource/London|city|66
1029|Winnipeg|http://dbpedia.org/resource/Winnipeg|city|66
1030|Hamilton|http://dbpedia.org/resource/Hamilton|city|66
1031|Saskatoon|http://dbpedia.org/resource/Saskatoon|city|66
1032|Vancouver|http://dbpedia.org/resource/Vancouver|city|66
1033|Montreal|http://dbpedia.org/resource/Montreal|city|66
1034|Kampong_Cham|http://dbpedia.org/resource/Kampong_Cham|city|67
1035|Siem_Reap|http://dbpedia.org/resource/Siem_Reap|city|67
1036|Kampong_Speu|http://dbpedia.org/resource/Kampong_Speu|city|67
1037|Ta_Khmau|http://dbpedia.org/resource/Ta_Khmau|city|67
1038|Pray_Veng|http://dbpedia.org/resource/Pray_Veng|city|67
1039|Battambang|http://dbpedia.org/resource/Battambang|city|67
1040|Borey_Seang_Nam|http://dbpedia.org/resource/Borey_Seang_Nam|city|67
1041|Phnom_Penh|http://dbpedia.org/resource/Phnom_Penh|city|67
1042|Sihanoukville|http://dbpedia.org/resource/Sihanoukville|city|67
1043|Pursat|http://dbpedia.org/resource/Pursat|city|67
1044|Mokolo|http://dbpedia.org/resource/Mokolo|city|68
1045|Baffoussam|http://dbpedia.org/resource/Baffoussam|city|68
1046|Garoua|http://dbpedia.org/resource/Garoua|city|68
1047|Bangangté|http://dbpedia.org/resource/Bangangté|city|68
1048|Maroua|http://dbpedia.org/resource/Maroua|city|68
1049|Buea|http://dbpedia.org/resource/Buea|city|68
1050|Kumba|http://dbpedia.org/resource/Kumba|city|68
1051|Yaoundé|http://dbpedia.org/resource/Yaoundé|city|68
1052|Bamenda|http://dbpedia.org/resource/Bamenda|city|68
1053|Douala|http://dbpedia.org/resource/Douala|city|68
1054|Valdivia|http://dbpedia.org/resource/Valdivia|city|69
1055|Santiago|http://dbpedia.org/resource/Santiago|city|69
1056|Antofagasta|http://dbpedia.org/resource/Antofagasta|city|69
1057|Iquique|http://dbpedia.org/resource/Iquique|city|69
1058|Valparaíso|http://dbpedia.org/resource/Valparaíso|city|69
1059|Temuco|http://dbpedia.org/resource/Temuco|city|69
1060|Viña_del_Mar|http://dbpedia.org/resource/Viña_del_Mar|city|69
1061|Puerto_Montt|http://dbpedia.org/resource/Puerto_Montt|city|69
1062|Osorno|http://dbpedia.org/resource/Osorno|city|69
1063|Concepción|http://dbpedia.org/resource/Concepción|city|69
1064|Bogotá|http://dbpedia.org/resource/Bogotá|city|70
1065|Cartagena|http://dbpedia.org/resource/Cartagena|city|70
1066|Pamplona|http://dbpedia.org/resource/Pamplona|city|70
1067|Manizales|http://dbpedia.org/resource/Manizales|city|70
1068|Armenia|http://dbpedia.org/resource/Armenia|city|70
1069|Bucaramanga|http://dbpedia.org/resource/Bucaramanga|city|70
1070|Cali|http://dbpedia.org/resource/Cali|city|70
1071|Barranquilla|http://dbpedia.org/resource/Barranquilla|city|70
1072|Tunja|http://dbpedia.org/resource/Tunja|city|70
1073|Medellín|http://dbpedia.org/resource/Medellín|city|70
1074|Havana|http://dbpedia.org/resource/Havana|city|71
1075|Marianao|http://dbpedia.org/resource/Marianao|city|71
1076|Santiago_de_Cuba|http://dbpedia.org/resource/Santiago_de_Cuba|city|71
1077|Jagüey_Grande|http://dbpedia.org/resource/Jagüey_Grande|city|71
1078|Cienfuegos|http://dbpedia.org/resource/Cienfuegos|city|71
1079|Matanzas|http://dbpedia.org/resource/Matanzas|city|71
1080|Pinar_del_Río|http://dbpedia.org/resource/Pinar_del_Río|city|71
1081|Ciego_de_Ávila|http://dbpedia.org/resource/Ciego_de_Ávila|city|71
1082|Santa_Clara|http://dbpedia.org/resource/Santa_Clara|city|71
1083|Camagüey|http://dbpedia.org/resource/Camagüey|city|71
1084|Ostrava|http://dbpedia.org/resource/Ostrava|city|72
1085|Liberec|http://dbpedia.org/resource/Liberec|city|72
1086|Prague|http://dbpedia.org/resource/Prague|city|72
1087|Mladá_Boleslav|http://dbpedia.org/resource/Mladá_Boleslav|city|72
1088|České_Budějovice|http://dbpedia.org/resource/České_Budějovice|city|72
1089|Ústí_nad_Labem|http://dbpedia.org/resource/Ústí_nad_Labem|city|72
1090|Hradec_Králové|http://dbpedia.org/resource/Hradec_Králové|city|72
1091|Brno|http://dbpedia.org/resource/Brno|city|72
1092|Moravia|http://dbpedia.org/resource/Moravia|city|72
1093|Olomouc|http://dbpedia.org/resource/Olomouc|city|72
1094|Kinshasa|http://dbpedia.org/resource/Kinshasa|city|73
1095|Bandundu|http://dbpedia.org/resource/Bandundu|city|73
1096|Baraka|http://dbpedia.org/resource/Baraka|city|73
1097|Boma|http://dbpedia.org/resource/Boma|city|73
1098|Bukavu|http://dbpedia.org/resource/Bukavu|city|73
1099|Goma|http://dbpedia.org/resource/Goma|city|73
1100|Kisangani|http://dbpedia.org/resource/Kisangani|city|73
1101|Kananga|http://dbpedia.org/resource/Kananga|city|73
1102|Lubumbashi|http://dbpedia.org/resource/Lubumbashi|city|73
1103|Bas-Congo|http://dbpedia.org/resource/Bas-Congo|city|73
1104|Alexandria|http://dbpedia.org/resource/Alexandria|city|74
1105|Monufia_Governorate|http://dbpedia.org/resource/Monufia_Governorate|city|74
1106|Cairo|http://dbpedia.org/resource/Cairo|city|74
1107|Beni_Suef|http://dbpedia.org/resource/Beni_Suef|city|74
1108|Giza|http://dbpedia.org/resource/Giza|city|74
1109|El_Shorouk|http://dbpedia.org/resource/El_Shorouk|city|74
1110|New_Cairo|http://dbpedia.org/resource/New_Cairo|city|74
1111|Ramadan_City|http://dbpedia.org/resource/Ramadan_City|city|74
1112|Bilbeis|http://dbpedia.org/resource/Bilbeis|city|74
1113|Sohag|http://dbpedia.org/resource/Sohag|city|74
1114|Southampton|http://dbpedia.org/resource/Southampton|city|75
1115|Manchester|http://dbpedia.org/resource/Manchester|city|75
1116|Leicester|http://dbpedia.org/resource/Leicester|city|75
1117|Newcastle_upon_Tyne|http://dbpedia.org/resource/Newcastle_upon_Tyne|city|75
1118|Durham|http://dbpedia.org/resource/Durham|city|75
1119|Birmingham|http://dbpedia.org/resource/Birmingham|city|75
1120|York|http://dbpedia.org/resource/York|city|75
1121|Sheffield|http://dbpedia.org/resource/Sheffield|city|75
1122|Leeds|http://dbpedia.org/resource/Leeds|city|75
1123|Dire_Dawa|http://dbpedia.org/resource/Dire_Dawa|city|76
1124|Debre_Marqos|http://dbpedia.org/resource/Debre_Marqos|city|76
1125|Nekemte|http://dbpedia.org/resource/Nekemte|city|76
1126|Awasa|http://dbpedia.org/resource/Awasa|city|76
1127|Mek'ele|http://dbpedia.org/resource/Mek'ele|city|76
1128|Bahir_Dar|http://dbpedia.org/resource/Bahir_Dar|city|76
1129|Addis_Ababa|http://dbpedia.org/resource/Addis_Ababa|city|76
1130|Mettu|http://dbpedia.org/resource/Mettu|city|76
1131|Adama|http://dbpedia.org/resource/Adama|city|76
1132|Jimma|http://dbpedia.org/resource/Jimma|city|76
1133|Lyon|http://dbpedia.org/resource/Lyon|city|77
1134|Toulouse|http://dbpedia.org/resource/Toulouse|city|77
1135|Montpellier|http://dbpedia.org/resource/Montpellier|city|77
1136|Lille|http://dbpedia.org/resource/Lille|city|77
1137|Aix-en-Provence|http://dbpedia.org/resource/Aix-en-Provence|city|77
1138|Évry|http://dbpedia.org/resource/Évry|city|77
1139|Nancy|http://dbpedia.org/resource/Nancy|city|77
1140|Grenoble|http://dbpedia.org/resource/Grenoble|city|77
1141|Nantes|http://dbpedia.org/resource/Nantes|city|77
1142|Thessaloniki|http://dbpedia.org/resource/Thessaloniki|city|78
1143|Kozani|http://dbpedia.org/resource/Kozani|city|78
1144|Patras|http://dbpedia.org/resource/Patras|city|78
1145|Kalamata|http://dbpedia.org/resource/Kalamata|city|78
1146|Athens|http://dbpedia.org/resource/Athens|city|78
1147|Trikala|http://dbpedia.org/resource/Trikala|city|78
1148|Crete|http://dbpedia.org/resource/Crete|city|78
1149|Karditsa|http://dbpedia.org/resource/Karditsa|city|78
1150|Piraeus|http://dbpedia.org/resource/Piraeus|city|78
1151|Larissa|http://dbpedia.org/resource/Larissa|city|78
1152|Győr|http://dbpedia.org/resource/Győr|city|79
1153|Budapest|http://dbpedia.org/resource/Budapest|city|79
1154|Szeged|http://dbpedia.org/resource/Szeged|city|79
1155|Esztergom|http://dbpedia.org/resource/Esztergom|city|79
1156|Salgótarján|http://dbpedia.org/resource/Salgótarján|city|79
1157|Zalaegerszeg|http://dbpedia.org/resource/Zalaegerszeg|city|79
1158|Visonta|http://dbpedia.org/resource/Visonta|city|79
1159|Debrecen|http://dbpedia.org/resource/Debrecen|city|79
1160|Veszprém|http://dbpedia.org/resource/Veszprém|city|79
1161|Piliscsaba|http://dbpedia.org/resource/Piliscsaba|city|79
1162|Shiraz|http://dbpedia.org/resource/Shiraz|city|80
1163|Shahrekord|http://dbpedia.org/resource/Shahrekord|city|80
1164|Babol|http://dbpedia.org/resource/Babol|city|80
1165|Mashhad|http://dbpedia.org/resource/Mashhad|city|80
1166|Zanjan|http://dbpedia.org/resource/Zanjan|city|80
1167|Qazvin|http://dbpedia.org/resource/Qazvin|city|80
1168|Tabriz|http://dbpedia.org/resource/Tabriz|city|80
1169|Isfahan|http://dbpedia.org/resource/Isfahan|city|80
1170|Tehran|http://dbpedia.org/resource/Tehran|city|80
1171|Qom|http://dbpedia.org/resource/Qom|city|80
1172|Venice|http://dbpedia.org/resource/Venice|city|81
1173|Pisa|http://dbpedia.org/resource/Pisa|city|81
1174|Naples|http://dbpedia.org/resource/Naples|city|81
1175|Trieste|http://dbpedia.org/resource/Trieste|city|81
1176|Milan|http://dbpedia.org/resource/Milan|city|81
1177|Rome|http://dbpedia.org/resource/Rome|city|81
1178|Pavia|http://dbpedia.org/resource/Pavia|city|81
1179|Florence|http://dbpedia.org/resource/Florence|city|81
1180|Turin|http://dbpedia.org/resource/Turin|city|81
1181|Brescia|http://dbpedia.org/resource/Brescia|city|81
1182|Astana|http://dbpedia.org/resource/Astana|city|82
1183|Aktobe|http://dbpedia.org/resource/Aktobe|city|82
1184|Karagandy|http://dbpedia.org/resource/Karagandy|city|82
1185|Oskemen|http://dbpedia.org/resource/Oskemen|city|82
1186|Pavlodar|http://dbpedia.org/resource/Pavlodar|city|82
1187|Taraz|http://dbpedia.org/resource/Taraz|city|82
1188|Semey|http://dbpedia.org/resource/Semey|city|82
1189|Shymkent|http://dbpedia.org/resource/Shymkent|city|82
1190|Almaty|http://dbpedia.org/resource/Almaty|city|82
1191|Oral|http://dbpedia.org/resource/Oral|city|82
1192|Machakos|http://dbpedia.org/resource/Machakos|city|83
1193|Eldoret|http://dbpedia.org/resource/Eldoret|city|83
1194|Kikuyu|http://dbpedia.org/resource/Kikuyu|city|83
1195|Kitengela|http://dbpedia.org/resource/Kitengela|city|83
1196|Nakuru|http://dbpedia.org/resource/Nakuru|city|83
1197|Kitale|http://dbpedia.org/resource/Kitale|city|83
1198|Thika|http://dbpedia.org/resource/Thika|city|83
1199|Nairobi|http://dbpedia.org/resource/Nairobi|city|83
1200|Nyeri|http://dbpedia.org/resource/Nyeri|city|83
1201|Ambovombe|http://dbpedia.org/resource/Ambovombe|city|84
1202|Amparafaravola|http://dbpedia.org/resource/Amparafaravola|city|84
1203|Mahajanga|http://dbpedia.org/resource/Mahajanga|city|84
1204|Antsirabe|http://dbpedia.org/resource/Antsirabe|city|84
1205|Antananarivo|http://dbpedia.org/resource/Antananarivo|city|84
1206|Toamasina|http://dbpedia.org/resource/Toamasina|city|84
1207|Fianarantosa|http://dbpedia.org/resource/Fianarantosa|city|84
1208|Antanifotsy|http://dbpedia.org/resource/Antanifotsy|city|84
1209|Toliara|http://dbpedia.org/resource/Toliara|city|84
1210|Antsiranana|http://dbpedia.org/resource/Antsiranana|city|84
1211|Cyberjaya|http://dbpedia.org/resource/Cyberjaya|city|85
1212|Kuching|http://dbpedia.org/resource/Kuching|city|85
1213|Nilai|http://dbpedia.org/resource/Nilai|city|85
1214|George_Town|http://dbpedia.org/resource/George_Town|city|85
1215|Penang|http://dbpedia.org/resource/Penang|city|85
1216|Selangor|http://dbpedia.org/resource/Selangor|city|85
1217|Wilayah_Persekutuan_Kuala_Lumpur|http://dbpedia.org/resource/Wilayah_Persekutuan_Kuala_Lumpur|city|85
1218|Kuala_Lumpur|http://dbpedia.org/resource/Kuala_Lumpur|city|85
1219|Terengganu|http://dbpedia.org/resource/Terengganu|city|85
1220|Shah_Alam|http://dbpedia.org/resource/Shah_Alam|city|85
1221|Codru|http://dbpedia.org/resource/Codru|city|86
1222|Ungheni|http://dbpedia.org/resource/Ungheni|city|86
1223|Orhei|http://dbpedia.org/resource/Orhei|city|86
1224|Comrat|http://dbpedia.org/resource/Comrat|city|86
1225|Cahul|http://dbpedia.org/resource/Cahul|city|86
1226|Tiraspol|http://dbpedia.org/resource/Tiraspol|city|86
1227|Chişinău|http://dbpedia.org/resource/Chişinău|city|86
1228|Balti|http://dbpedia.org/resource/Balti|city|86
1229|Bender|http://dbpedia.org/resource/Bender|city|86
1230|Soroca|http://dbpedia.org/resource/Soroca|city|86
1231|Oujda|http://dbpedia.org/resource/Oujda|city|87
1232|Casablanca|http://dbpedia.org/resource/Casablanca|city|87
1233|Marrakech|http://dbpedia.org/resource/Marrakech|city|87
1234|Rabat|http://dbpedia.org/resource/Rabat|city|87
1235|Sale|http://dbpedia.org/resource/Sale|city|87
1236|Ifrane|http://dbpedia.org/resource/Ifrane|city|87
1237|Agadir|http://dbpedia.org/resource/Agadir|city|87
1238|Fes|http://dbpedia.org/resource/Fes|city|87
1239|Meknes|http://dbpedia.org/resource/Meknes|city|87
1240|Tangier-Tetouan|http://dbpedia.org/resource/Tangier-Tetouan|city|87
1241|Nala|http://dbpedia.org/resource/Nala|city|88
1242|Kirtipur|http://dbpedia.org/resource/Kirtipur|city|88
1243|Balkumari|http://dbpedia.org/resource/Balkumari|city|88
1244|Lumbini|http://dbpedia.org/resource/Lumbini|city|88
1245|Pokhara|http://dbpedia.org/resource/Pokhara|city|88
1246|Dharan|http://dbpedia.org/resource/Dharan|city|88
1247|Gwarko|http://dbpedia.org/resource/Gwarko|city|88
1248|Lalitpur|http://dbpedia.org/resource/Lalitpur|city|88
1249|Kathmandu|http://dbpedia.org/resource/Kathmandu|city|88
1250|Rajbiraj|http://dbpedia.org/resource/Rajbiraj|city|88
1251|Groningen|http://dbpedia.org/resource/Groningen|city|89
1252|The_Hague|http://dbpedia.org/resource/The_Hague|city|89
1253|Heerlen|http://dbpedia.org/resource/Heerlen|city|89
1254|Leiden|http://dbpedia.org/resource/Leiden|city|89
1255|Maastricht|http://dbpedia.org/resource/Maastricht|city|89
1256|Eindhoven|http://dbpedia.org/resource/Eindhoven|city|89
1257|Utrecht|http://dbpedia.org/resource/Utrecht|city|89
1258|Amsterdam|http://dbpedia.org/resource/Amsterdam|city|89
1259|Tilburg|http://dbpedia.org/resource/Tilburg|city|89
1260|Rotterdam|http://dbpedia.org/resource/Rotterdam|city|89
1261|Tessaoua|http://dbpedia.org/resource/Tessaoua|city|90
1262|Arlit|http://dbpedia.org/resource/Arlit|city|90
1263|Abidjan|http://dbpedia.org/resource/Abidjan|city|90
1264|Niamey|http://dbpedia.org/resource/Niamey|city|90
1265|Zinder|http://dbpedia.org/resource/Zinder|city|90
1266|Tahoua|http://dbpedia.org/resource/Tahoua|city|90
1267|Birni_Nkonni|http://dbpedia.org/resource/Birni_Nkonni|city|90
1268|Agadez|http://dbpedia.org/resource/Agadez|city|90
1269|Maradi|http://dbpedia.org/resource/Maradi|city|90
1270|Dosso|http://dbpedia.org/resource/Dosso|city|90
1271|Trujillo|http://dbpedia.org/resource/Trujillo|city|91
1272|Distrito_de_Bellavista|http://dbpedia.org/resource/Distrito_de_Bellavista|city|91
1273|Chorrillos_District|http://dbpedia.org/resource/Chorrillos_District|city|91
1274|Arequipa|http://dbpedia.org/resource/Arequipa|city|91
1275|Jesús_María|http://dbpedia.org/resource/Jesús_María|city|91
1276|Chosica,Lima|http://dbpedia.org/resource/Chosica,Lima|city|91
1277|Huancayo|http://dbpedia.org/resource/Huancayo|city|91
1278|Callao|http://dbpedia.org/resource/Callao|city|91
1279|Lima|http://dbpedia.org/resource/Lima|city|91
1280|La_Punta|http://dbpedia.org/resource/La_Punta|city|91
1281|Gdańsk|http://dbpedia.org/resource/Gdańsk|city|92
1282|Szczecin|http://dbpedia.org/resource/Szczecin|city|92
1283|Wrocław|http://dbpedia.org/resource/Wrocław|city|92
1284|Radom|http://dbpedia.org/resource/Radom|city|92
1285|Łódź|http://dbpedia.org/resource/Łódź|city|92
1286|Katowice|http://dbpedia.org/resource/Katowice|city|92
1287|Lublin|http://dbpedia.org/resource/Lublin|city|92
1288|Kraków|http://dbpedia.org/resource/Kraków|city|92
1289|Poznań|http://dbpedia.org/resource/Poznań|city|92
1290|Warsaw|http://dbpedia.org/resource/Warsaw|city|92
1291|Porto|http://dbpedia.org/resource/Porto|city|93
1292|Steenokkerzeel|http://dbpedia.org/resource/Steenokkerzeel|city|93
1293|Faro|http://dbpedia.org/resource/Faro|city|93
1294|Almada|http://dbpedia.org/resource/Almada|city|93
1295|Braga|http://dbpedia.org/resource/Braga|city|93
1296|Coimbra|http://dbpedia.org/resource/Coimbra|city|93
1297|Lisbon|http://dbpedia.org/resource/Lisbon|city|93
1298|Évora|http://dbpedia.org/resource/Évora|city|93
1299|Mesa|http://dbpedia.org/resource/Mesa|city|93
1300|Funchal|http://dbpedia.org/resource/Funchal|city|93
1301|Taichung|http://dbpedia.org/resource/Taichung|city|94
1302|Yongkang_District|http://dbpedia.org/resource/Yongkang_District|city|94
1303|Zhongli|http://dbpedia.org/resource/Zhongli|city|94
1304|Yunlin_County|http://dbpedia.org/resource/Yunlin_County|city|94
1305|Hsinchu|http://dbpedia.org/resource/Hsinchu|city|94
1306|Kaohsiung|http://dbpedia.org/resource/Kaohsiung|city|94
1307|Taiwan|http://dbpedia.org/resource/Taiwan|city|94
1308|New_Taipei|http://dbpedia.org/resource/New_Taipei|city|94
1309|Taipei|http://dbpedia.org/resource/Taipei|city|94
1310|Tainan|http://dbpedia.org/resource/Tainan|city|94
1311|Bucharest|http://dbpedia.org/resource/Bucharest|city|95
1312|Cluj-Napoca|http://dbpedia.org/resource/Cluj-Napoca|city|95
1313|Constanța|http://dbpedia.org/resource/Constanța|city|95
1314|Iași|http://dbpedia.org/resource/Iași|city|95
1315|Galați|http://dbpedia.org/resource/Galați|city|95
1316|Brașov|http://dbpedia.org/resource/Brașov|city|95
1317|Arad|http://dbpedia.org/resource/Arad|city|95
1318|Oradea|http://dbpedia.org/resource/Oradea|city|95
1319|Târgoviște|http://dbpedia.org/resource/Târgoviște|city|95
1320|Timișoara|http://dbpedia.org/resource/Timișoara|city|95
1321|Kolda|http://dbpedia.org/resource/Kolda|city|96
1322|Saint-Louis|http://dbpedia.org/resource/Saint-Louis|city|96
1323|Thies|http://dbpedia.org/resource/Thies|city|96
1324|Louga|http://dbpedia.org/resource/Louga|city|96
1325|Touba|http://dbpedia.org/resource/Touba|city|96
1326|Dakar|http://dbpedia.org/resource/Dakar|city|96
1327|Diourbel|http://dbpedia.org/resource/Diourbel|city|96
1328|Tambacounda|http://dbpedia.org/resource/Tambacounda|city|96
1329|Rufisque|http://dbpedia.org/resource/Rufisque|city|96
1330|Cape_Town|http://dbpedia.org/resource/Cape_Town|city|97
1331|Durban|http://dbpedia.org/resource/Durban|city|97
1332|Bloemfontein|http://dbpedia.org/resource/Bloemfontein|city|97
1333|Saldanha|http://dbpedia.org/resource/Saldanha|city|97
1334|eMalahleni|http://dbpedia.org/resource/eMalahleni|city|97
1335|Mthatha|http://dbpedia.org/resource/Mthatha|city|97
1336|Johannesburg|http://dbpedia.org/resource/Johannesburg|city|97
1337|Bellville|http://dbpedia.org/resource/Bellville|city|97
1338|Pretoria|http://dbpedia.org/resource/Pretoria|city|97
1339|Seoul|http://dbpedia.org/resource/Seoul|city|98
1340|Seongbuk-gu|http://dbpedia.org/resource/Seongbuk-gu|city|98
1341|Suwon|http://dbpedia.org/resource/Suwon|city|98
1342|Gwangju|http://dbpedia.org/resource/Gwangju|city|98
1343|Daejeon|http://dbpedia.org/resource/Daejeon|city|98
1344|Pohang|http://dbpedia.org/resource/Pohang|city|98
1345|Busan|http://dbpedia.org/resource/Busan|city|98
1346|Andong|http://dbpedia.org/resource/Andong|city|98
1347|Yongin|http://dbpedia.org/resource/Yongin|city|98
1348|Incheon|http://dbpedia.org/resource/Incheon|city|98
1349|Salamanca|http://dbpedia.org/resource/Salamanca|city|99
1350|Madrid|http://dbpedia.org/resource/Madrid|city|99
1351|Barcelona|http://dbpedia.org/resource/Barcelona|city|99
1352|Seville|http://dbpedia.org/resource/Seville|city|99
1353|Valladolid|http://dbpedia.org/resource/Valladolid|city|99
1354|Santander|http://dbpedia.org/resource/Santander|city|99
1355|Vigo|http://dbpedia.org/resource/Vigo|city|99
1356|San_Sebastián|http://dbpedia.org/resource/San_Sebastián|city|99
1357|Valencia|http://dbpedia.org/resource/Valencia|city|99
1358|Bilbao|http://dbpedia.org/resource/Bilbao|city|99
1359|Kelaniya|http://dbpedia.org/resource/Kelaniya|city|100
1360|Elpitiya|http://dbpedia.org/resource/Elpitiya|city|100
1361|Matara|http://dbpedia.org/resource/Matara|city|100
1362|Nugegoda|http://dbpedia.org/resource/Nugegoda|city|100
1363|Colombo|http://dbpedia.org/resource/Colombo|city|100
1364|Kandy|http://dbpedia.org/resource/Kandy|city|100
1365|Peradeniya|http://dbpedia.org/resource/Peradeniya|city|100
1366|Ratmalana_Airport|http://dbpedia.org/resource/Ratmalana_Airport|city|100
1367|Malabe|http://dbpedia.org/resource/Malabe|city|100
1368|Batalanda|http://dbpedia.org/resource/Batalanda|city|100
1369|Rovaniemi|http://dbpedia.org/resource/Rovaniemi|city|101
1370|Malmö|http://dbpedia.org/resource/Malmö|city|101
1371|Uppsala|http://dbpedia.org/resource/Uppsala|city|101
1372|Umeå|http://dbpedia.org/resource/Umeå|city|101
1373|Borås|http://dbpedia.org/resource/Borås|city|101
1374|Jönköping|http://dbpedia.org/resource/Jönköping|city|101
1375|Stockholm|http://dbpedia.org/resource/Stockholm|city|101
1376|Lund|http://dbpedia.org/resource/Lund|city|101
1377|Örebro|http://dbpedia.org/resource/Örebro|city|101
1378|Gothenburg|http://dbpedia.org/resource/Gothenburg|city|101
1379|Mwanza|http://dbpedia.org/resource/Mwanza|city|102
1380|Arusha|http://dbpedia.org/resource/Arusha|city|102
1381|Morogoro|http://dbpedia.org/resource/Morogoro|city|102
1382|Mzumbe_morogoro|http://dbpedia.org/resource/Mzumbe_morogoro|city|102
1383|Dar_es_Salaam|http://dbpedia.org/resource/Dar_es_Salaam|city|102
1384|Mbeya|http://dbpedia.org/resource/Mbeya|city|102
1385|Unguja|http://dbpedia.org/resource/Unguja|city|102
1386|Dodoma|http://dbpedia.org/resource/Dodoma|city|102
1387|Zanzibar|http://dbpedia.org/resource/Zanzibar|city|102
1388|Nakhon_Pathom_Province|http://dbpedia.org/resource/Nakhon_Pathom_Province|city|103
1389|Bangkok|http://dbpedia.org/resource/Bangkok|city|103
1390|Pathum_Thani_Province|http://dbpedia.org/resource/Pathum_Thani_Province|city|103
1391|Pathum_Thani|http://dbpedia.org/resource/Pathum_Thani|city|103
1392|Lampang|http://dbpedia.org/resource/Lampang|city|103
1393|Chiang_Mai|http://dbpedia.org/resource/Chiang_Mai|city|103
1394|Klong_Luang|http://dbpedia.org/resource/Klong_Luang|city|103
1395|Hat_Yai|http://dbpedia.org/resource/Hat_Yai|city|103
1396|Songkhla|http://dbpedia.org/resource/Songkhla|city|103
1397|Narathiwat|http://dbpedia.org/resource/Narathiwat|city|103
1398|La_Marsa|http://dbpedia.org/resource/La_Marsa|city|104
1399|Bizerte|http://dbpedia.org/resource/Bizerte|city|104
1400|Etadhamen|http://dbpedia.org/resource/Etadhamen|city|104
1401|Sfax|http://dbpedia.org/resource/Sfax|city|104
1402|Gabes|http://dbpedia.org/resource/Gabes|city|104
1403|Monastir|http://dbpedia.org/resource/Monastir|city|104
1404|Sousse|http://dbpedia.org/resource/Sousse|city|104
1405|Kairouan|http://dbpedia.org/resource/Kairouan|city|104
1406|Tunis|http://dbpedia.org/resource/Tunis|city|104
1407|El_Mourouj|http://dbpedia.org/resource/El_Mourouj|city|104
1408|Mersin|http://dbpedia.org/resource/Mersin|city|105
1409|Istanbul|http://dbpedia.org/resource/Istanbul|city|105
1410|Çankaya|http://dbpedia.org/resource/Çankaya|city|105
1411|Ankara|http://dbpedia.org/resource/Ankara|city|105
1412|Bursa|http://dbpedia.org/resource/Bursa|city|105
1413|Gaziantep|http://dbpedia.org/resource/Gaziantep|city|105
1414|Eskişehir|http://dbpedia.org/resource/Eskişehir|city|105
1415|Gebze|http://dbpedia.org/resource/Gebze|city|105
1416|Kadıköy|http://dbpedia.org/resource/Kadıköy|city|105
1417|Izmir|http://dbpedia.org/resource/Izmir|city|105
1418|Kiev|http://dbpedia.org/resource/Kiev|city|106
1419|Mykolaiv|http://dbpedia.org/resource/Mykolaiv|city|106
1420|Dnipropetrovsk|http://dbpedia.org/resource/Dnipropetrovsk|city|106
1421|Kharkiv|http://dbpedia.org/resource/Kharkiv|city|106
1422|Uzhhorod|http://dbpedia.org/resource/Uzhhorod|city|106
1423|Lviv|http://dbpedia.org/resource/Lviv|city|106
1424|Donetsk|http://dbpedia.org/resource/Donetsk|city|106
1425|Luhansk|http://dbpedia.org/resource/Luhansk|city|106
1426|Chernivtsi|http://dbpedia.org/resource/Chernivtsi|city|106
1427|Odessa|http://dbpedia.org/resource/Odessa|city|106
1428|Coventry|http://dbpedia.org/resource/Coventry|city|107
1429|Liverpool|http://dbpedia.org/resource/Liverpool|city|107
1430|North_Wales|http://dbpedia.org/resource/North_Wales|city|107
1431|Bristol|http://dbpedia.org/resource/Bristol|city|107
1432|Caracas|http://dbpedia.org/resource/Caracas|city|108
1433|Barquisimeto|http://dbpedia.org/resource/Barquisimeto|city|108
1434|Nueva_Esparta|http://dbpedia.org/resource/Nueva_Esparta|city|108
1435|Anzoátegui|http://dbpedia.org/resource/Anzoátegui|city|108
1436|Maracaibo|http://dbpedia.org/resource/Maracaibo|city|108
1437|Monagas|http://dbpedia.org/resource/Monagas|city|108
1438|Bolívar|http://dbpedia.org/resource/Bolívar|city|108
1439|Sucre|http://dbpedia.org/resource/Sucre|city|108
1440|Al_Hudaydah|http://dbpedia.org/resource/Al_Hudaydah|city|109
1441|Zinjibar|http://dbpedia.org/resource/Zinjibar|city|109
1442|Dhamar|http://dbpedia.org/resource/Dhamar|city|109
1443|Ibb|http://dbpedia.org/resource/Ibb|city|109
1444|Hadhramaut|http://dbpedia.org/resource/Hadhramaut|city|109
1445|Ta'izz|http://dbpedia.org/resource/Ta'izz|city|109
1446|Sayyan|http://dbpedia.org/resource/Sayyan|city|109
1447|Aden|http://dbpedia.org/resource/Aden|city|109
1448|Sana'a|http://dbpedia.org/resource/Sana'a|city|109
1449|Al_Mukalla|http://dbpedia.org/resource/Al_Mukalla|city|109
1450|Luanshya|http://dbpedia.org/resource/Luanshya|city|110
1451|Livingstone|http://dbpedia.org/resource/Livingstone|city|110
1452|Monze|http://dbpedia.org/resource/Monze|city|110
1453|Ndola|http://dbpedia.org/resource/Ndola|city|110
1454|Kasama|http://dbpedia.org/resource/Kasama|city|110
1455|Kabwe|http://dbpedia.org/resource/Kabwe|city|110
1456|Mufulira|http://dbpedia.org/resource/Mufulira|city|110
1457|Kitwe|http://dbpedia.org/resource/Kitwe|city|110
1458|Lusaka|http://dbpedia.org/resource/Lusaka|city|110
1459|Chingola|http://dbpedia.org/resource/Chingola|city|110
1460|Asia|http://dbpedia.org/resource/Asia|continent|
1461|Africa|http://dbpedia.org/resource/Africa|continent|
1462|Europe|http://dbpedia.org/resource/Europe|continent|
1463|South_America|http://dbpedia.org/resource/South_America|continent|
1464|North_America|http://dbpedia.org/resource/North_America|continent|
1465|Australia|http://dbpedia.org/resource/Australia|continent|
