gamertag|faction|level
Jun_454|Gold_Hoarders|100
Jun_454|Order_Of_Souls|100
Jun_454|Merchant_Alliance|100
Jun_454|Reapers_Bones|500
Jun_454|Athenas_Fortune|500
Luis_140|Gold_Hoarders|100
Luis_140|Order_Of_Souls|54
Luis_140|Merchant_Alliance|100
Luis_140|Reapers_Bones|7
Luis_140|Athenas_Fortune|500
Luis_138|Gold_Hoarders|55
Luis_138|Order_Of_Souls|100
Luis_138|Merchant_Alliance|45
Luis_138|Reapers_Bones|500
Luis_138|Athenas_Fortune|35
Mehmet_347|Gold_Hoarders|88
Mehmet_347|Order_Of_Souls|55
Mehmet_347|Merchant_Alliance|98
Mehmet_347|Reapers_Bones|100
Mehmet_347|Athenas_Fortune|79
Aleksandr_820|Gold_Hoarders|72
Aleksandr_820|Order_Of_Souls|12
Aleksandr_820|Merchant_Alliance|49
Aleksandr_820|Reapers_Bones|66
Aleksandr_820|Athenas_Fortune|5
Jorge_765|Gold_Hoarders|65
Jorge_765|Order_Of_Souls|19
Jorge_765|Merchant_Alliance|44
Jorge_765|Reapers_Bones|84
Jorge_765|Athenas_Fortune|16
Djelaludin_844|Gold_Hoarders|38
Djelaludin_844|Order_Of_Souls|39
Djelaludin_844|Merchant_Alliance|0
Djelaludin_844|Reapers_Bones|70
Djelaludin_844|Athenas_Fortune|99
Karl_440|Gold_Hoarders|77
Karl_440|Order_Of_Souls|12
Karl_440|Merchant_Alliance|85
Karl_440|Reapers_Bones|69
Karl_440|Athenas_Fortune|23
Jun_229|Gold_Hoarders|50
Jun_229|Order_Of_Souls|8
Jun_229|Merchant_Alliance|21
Jun_229|Reapers_Bones|48
Jun_229|Athenas_Fortune|67
Wei_309|Gold_Hoarders|73
Wei_309|Order_Of_Souls|72
Wei_309|Merchant_Alliance|3
Wei_309|Reapers_Bones|99
Wei_309|Athenas_Fortune|69
Weiß_309|Gold_Hoarders|7
Weiß_309|Order_Of_Souls|80
Weiß_309|Merchant_Alliance|84
Weiß_309|Reapers_Bones|34
Weiß_309|Athenas_Fortune|71
Mirza Kalich_560|Gold_Hoarders|58
Mirza Kalich_560|Order_Of_Souls|22
Mirza Kalich_560|Merchant_Alliance|6
Mirza Kalich_560|Reapers_Bones|94
Mirza Kalich_560|Athenas_Fortune|26
Oleg_377|Gold_Hoarders|62
Oleg_377|Order_Of_Souls|33
Oleg_377|Merchant_Alliance|85
Oleg_377|Reapers_Bones|78
Oleg_377|Athenas_Fortune|100
Hao_350|Gold_Hoarders|50
Hao_350|Order_Of_Souls|43
Hao_350|Merchant_Alliance|91
Hao_350|Reapers_Bones|91
Hao_350|Athenas_Fortune|99
Hans_522|Gold_Hoarders|43
Hans_522|Order_Of_Souls|27
Hans_522|Merchant_Alliance|98
Hans_522|Reapers_Bones|76
Hans_522|Athenas_Fortune|25
Wojciech_537|Gold_Hoarders|41
Wojciech_537|Order_Of_Souls|6
Wojciech_537|Merchant_Alliance|45
Wojciech_537|Reapers_Bones|52
Wojciech_537|Athenas_Fortune|9
Anson_645|Gold_Hoarders|35
Anson_645|Order_Of_Souls|83
Anson_645|Merchant_Alliance|74
Anson_645|Reapers_Bones|25
Anson_645|Athenas_Fortune|28
Abdoulaye Khouma_200|Gold_Hoarders|31
Abdoulaye Khouma_200|Order_Of_Souls|32
Abdoulaye Khouma_200|Merchant_Alliance|89
Abdoulaye Khouma_200|Reapers_Bones|85
Abdoulaye Khouma_200|Athenas_Fortune|60
Abdul Jamil_814|Gold_Hoarders|38
Abdul Jamil_814|Order_Of_Souls|65
Abdul Jamil_814|Merchant_Alliance|7
Abdul Jamil_814|Reapers_Bones|40
Abdul Jamil_814|Athenas_Fortune|84
Jose_590|Gold_Hoarders|62
Jose_590|Order_Of_Souls|9
Jose_590|Merchant_Alliance|42
Jose_590|Reapers_Bones|0
Jose_590|Athenas_Fortune|42
Lei_953|Gold_Hoarders|35
Lei_953|Order_Of_Souls|93
Lei_953|Merchant_Alliance|0
Lei_953|Reapers_Bones|31
Lei_953|Athenas_Fortune|34
Jimmy_439|Gold_Hoarders|43
Jimmy_439|Order_Of_Souls|93
Jimmy_439|Merchant_Alliance|88
Jimmy_439|Reapers_Bones|7
Jimmy_439|Athenas_Fortune|0
Lei_806|Gold_Hoarders|65
Lei_806|Order_Of_Souls|11
Lei_806|Merchant_Alliance|65
Lei_806|Reapers_Bones|50
Lei_806|Athenas_Fortune|18
Luigi_515|Gold_Hoarders|87
Luigi_515|Order_Of_Souls|98
Luigi_515|Merchant_Alliance|1
Luigi_515|Reapers_Bones|68
Luigi_515|Athenas_Fortune|34
Cheng_577|Gold_Hoarders|78
Cheng_577|Order_Of_Souls|36
Cheng_577|Merchant_Alliance|21
Cheng_577|Reapers_Bones|16
Cheng_577|Athenas_Fortune|40
Yang_131|Gold_Hoarders|97
Yang_131|Order_Of_Souls|49
Yang_131|Merchant_Alliance|7
Yang_131|Reapers_Bones|58
Yang_131|Athenas_Fortune|29
Anatoly_136|Gold_Hoarders|33
Anatoly_136|Order_Of_Souls|26
Anatoly_136|Merchant_Alliance|64
Anatoly_136|Reapers_Bones|74
Anatoly_136|Athenas_Fortune|44
Adje van den Berg_245|Gold_Hoarders|38
Adje van den Berg_245|Order_Of_Souls|5
Adje van den Berg_245|Merchant_Alliance|29
Adje van den Berg_245|Reapers_Bones|42
Adje van den Berg_245|Athenas_Fortune|60
Abdoulaye Khouma_365|Gold_Hoarders|89
Abdoulaye Khouma_365|Order_Of_Souls|47
Abdoulaye Khouma_365|Merchant_Alliance|75
Abdoulaye Khouma_365|Reapers_Bones|76
Abdoulaye Khouma_365|Athenas_Fortune|97
Ali_529|Gold_Hoarders|63
Ali_529|Order_Of_Souls|20
Ali_529|Merchant_Alliance|90
Ali_529|Reapers_Bones|88
Ali_529|Athenas_Fortune|88
Anatoly_765|Gold_Hoarders|41
Anatoly_765|Order_Of_Souls|84
Anatoly_765|Merchant_Alliance|41
Anatoly_765|Reapers_Bones|85
Anatoly_765|Athenas_Fortune|23
Yang_514|Gold_Hoarders|35
Yang_514|Order_Of_Souls|84
Yang_514|Merchant_Alliance|96
Yang_514|Reapers_Bones|41
Yang_514|Athenas_Fortune|29
Masahiro_922|Gold_Hoarders|43
Masahiro_922|Order_Of_Souls|74
Masahiro_922|Merchant_Alliance|5
Masahiro_922|Reapers_Bones|67
Masahiro_922|Athenas_Fortune|3
Miguel_631|Gold_Hoarders|70
Miguel_631|Order_Of_Souls|50
Miguel_631|Merchant_Alliance|51
Miguel_631|Reapers_Bones|24
Miguel_631|Athenas_Fortune|14
Evangelos_649|Gold_Hoarders|34
Evangelos_649|Order_Of_Souls|74
Evangelos_649|Merchant_Alliance|39
Evangelos_649|Reapers_Bones|66
Evangelos_649|Athenas_Fortune|31
John_767|Gold_Hoarders|64
John_767|Order_Of_Souls|8
John_767|Merchant_Alliance|67
John_767|Reapers_Bones|55
John_767|Athenas_Fortune|74
Bryn_652|Gold_Hoarders|94
Bryn_652|Order_Of_Souls|87
Bryn_652|Merchant_Alliance|49
Bryn_652|Reapers_Bones|64
Bryn_652|Athenas_Fortune|65
Mirza Kalich_985|Gold_Hoarders|57
Mirza Kalich_985|Order_Of_Souls|20
Mirza Kalich_985|Merchant_Alliance|5
Mirza Kalich_985|Reapers_Bones|73
Mirza Kalich_985|Athenas_Fortune|34
Alexei_472|Gold_Hoarders|30
Alexei_472|Order_Of_Souls|98
Alexei_472|Merchant_Alliance|73
Alexei_472|Reapers_Bones|17
Alexei_472|Athenas_Fortune|84
Oleg_570|Gold_Hoarders|50
Oleg_570|Order_Of_Souls|6
Oleg_570|Merchant_Alliance|92
Oleg_570|Reapers_Bones|51
Oleg_570|Athenas_Fortune|59
Yang_457|Gold_Hoarders|14
Yang_457|Order_Of_Souls|35
Yang_457|Merchant_Alliance|4
Yang_457|Reapers_Bones|74
Yang_457|Athenas_Fortune|39
Yang_402|Gold_Hoarders|18
Yang_402|Order_Of_Souls|67
Yang_402|Merchant_Alliance|38
Yang_402|Reapers_Bones|22
Yang_402|Athenas_Fortune|73
Cheng_590|Gold_Hoarders|73
Cheng_590|Order_Of_Souls|28
Cheng_590|Merchant_Alliance|94
Cheng_590|Reapers_Bones|63
Cheng_590|Athenas_Fortune|83
Yang_423|Gold_Hoarders|96
Yang_423|Order_Of_Souls|49
Yang_423|Merchant_Alliance|82
Yang_423|Reapers_Bones|78
Yang_423|Athenas_Fortune|0
Adrian_636|Gold_Hoarders|25
Adrian_636|Order_Of_Souls|42
Adrian_636|Merchant_Alliance|6
Adrian_636|Reapers_Bones|99
Adrian_636|Athenas_Fortune|4
Oleg_734|Gold_Hoarders|53
Oleg_734|Order_Of_Souls|56
Oleg_734|Merchant_Alliance|57
Oleg_734|Reapers_Bones|26
Oleg_734|Athenas_Fortune|61
Babar_663|Gold_Hoarders|4
Babar_663|Order_Of_Souls|31
Babar_663|Merchant_Alliance|58
Babar_663|Reapers_Bones|53
Babar_663|Athenas_Fortune|48
Alim_950|Gold_Hoarders|82
Alim_950|Order_Of_Souls|91
Alim_950|Merchant_Alliance|72
Alim_950|Reapers_Bones|33
Alim_950|Athenas_Fortune|87
Abdul Jamil_359|Gold_Hoarders|49
Abdul Jamil_359|Order_Of_Souls|12
Abdul Jamil_359|Merchant_Alliance|39
Abdul Jamil_359|Reapers_Bones|81
Abdul Jamil_359|Athenas_Fortune|74
Tissa_308|Gold_Hoarders|27
Tissa_308|Order_Of_Souls|34
Tissa_308|Merchant_Alliance|40
Tissa_308|Reapers_Bones|68
Tissa_308|Athenas_Fortune|83
