captain|shipid
Jorge_765|202
Jimmy_439|225
Wojciech_537|202
Cheng_590|245
Ali_529|239
Abdul Jamil_814|205
Aleksandr_820|210
Alim_950|227
Cheng_577|223
Oleg_570|217
Mehmet_347|210
Jose_590|222
Luigi_515|214
Oleg_734|207
Cheng_577|239
John_767|229
Jun_229|217
Yang_514|234
Cheng_577|212
Wei_309|226
John_767|224
Luis_138|235
Jimmy_439|229
Abdul Jamil_359|231
Wei_309|213
Anatoly_765|244
Jimmy_439|209
Bryn_652|222
Wei_309|218
Mirza Kalich_985|216
Jun_454|244
Yang_457|209
Mirza Kalich_560|218
Jimmy_439|204
Abdoulaye Khouma_200|215
Anson_645|223
Abdul Jamil_359|226
Miguel_631|229
Hao_350|224
John_767|219
Wei_309|239
Adje van den Berg_245|232
Oleg_377|212
Abdoulaye Khouma_200|219
Oleg_734|211
Anson_645|232
Adrian_636|207
Wei_309|249
Evangelos_649|236
Tissa_308|206
Jimmy_439|202
Hao_350|225
Cheng_577|206
Evangelos_649|229
Anatoly_765|232
Jimmy_439|238
Bryn_652|205
Hao_350|215
Anatoly_765|217
Lei_953|242
Jun_454|242
Anatoly_136|201
Abdul Jamil_814|244
Yang_457|233
Adje van den Berg_245|246
Alexei_472|221
Jun_454|228
Lei_953|215
Masahiro_922|224
Yang_423|240
Abdoulaye Khouma_365|249
Djelaludin_844|206
Yang_131|213
Jun_229|231
Adrian_636|204
Miguel_631|205
Abdoulaye Khouma_365|205
Mirza Kalich_985|231
Adrian_636|201
Cheng_590|210
Anatoly_765|223
Mehmet_347|207
Cheng_577|211
Luigi_515|228
Yang_514|242
Oleg_377|202
Masahiro_922|205
Abdoulaye Khouma_365|232
Yang_514|226
Abdul Jamil_814|206
Alexei_472|239
Anatoly_765|205
Lei_806|201
Yang_457|205
Abdul Jamil_814|233
Wojciech_537|214
Abdoulaye Khouma_200|203
John_767|233
Alexei_472|248
Mirza Kalich_985|229
