shipid|type|name|skin
200|Brigantine|Ship_4635|"{""color"": ""red"", ""pattern"": ""solid"", ""details"": ""bronze trim""}"
201|Brigantine|Ship_6543|"{""color"": ""green"", ""pattern"": ""solid"", ""details"": ""golden trim""}"
202|Sloop|Ship_3771|"{""color"": ""green"", ""pattern"": ""camouflage"", ""details"": ""golden trim""}"
203|Sloop|Ship_1345|"{""color"": ""red"", ""pattern"": ""camouflage"", ""details"": ""golden trim""}"
204|Galleon|Ship_6630|"{""color"": ""green"", ""pattern"": ""camouflage"", ""details"": ""golden trim""}"
205|Brigantine|Ship_5245|"{""color"": ""red"", ""pattern"": ""stripes"", ""details"": ""bronze trim""}"
206|Sloop|Ship_1803|"{""color"": ""blue"", ""pattern"": ""solid"", ""details"": ""silver trim""}"
207|Brigantine|Ship_6869|"{""color"": ""red"", ""pattern"": ""camouflage"", ""details"": ""golden trim""}"
208|Brigantine|Ship_6729|"{""color"": ""red"", ""pattern"": ""camouflage"", ""details"": ""bronze trim""}"
209|Sloop|Ship_6567|"{""color"": ""black"", ""pattern"": ""camouflage"", ""details"": ""bronze trim""}"
210|Sloop|Ship_1720|"{""color"": ""red"", ""pattern"": ""solid"", ""details"": ""bronze trim""}"
211|Sloop|Ship_4799|"{""color"": ""blue"", ""pattern"": ""stripes"", ""details"": ""golden trim""}"
212|Brigantine|Ship_6257|"{""color"": ""red"", ""pattern"": ""camouflage"", ""details"": ""bronze trim""}"
213|Galleon|Ship_5103|"{""color"": ""white"", ""pattern"": ""camouflage"", ""details"": ""silver trim""}"
214|Sloop|Ship_9903|"{""color"": ""white"", ""pattern"": ""camouflage"", ""details"": ""golden trim""}"
215|Sloop|Ship_4206|"{""color"": ""green"", ""pattern"": ""solid"", ""details"": ""silver trim""}"
216|Brigantine|Ship_9846|"{""color"": ""blue"", ""pattern"": ""stripes"", ""details"": ""silver trim""}"
217|Sloop|Ship_2759|"{""color"": ""red"", ""pattern"": ""checkered"", ""details"": ""silver trim""}"
218|Brigantine|Ship_8580|"{""color"": ""green"", ""pattern"": ""camouflage"", ""details"": ""silver trim""}"
219|Sloop|Ship_9477|"{""color"": ""black"", ""pattern"": ""solid"", ""details"": ""bronze trim""}"
220|Sloop|Ship_7659|"{""color"": ""red"", ""pattern"": ""checkered"", ""details"": ""bronze trim""}"
221|Brigantine|Ship_4061|"{""color"": ""white"", ""pattern"": ""checkered"", ""details"": ""golden trim""}"
222|Galleon|Ship_9051|"{""color"": ""blue"", ""pattern"": ""camouflage"", ""details"": ""bronze trim""}"
223|Sloop|Ship_9544|"{""color"": ""red"", ""pattern"": ""camouflage"", ""details"": ""golden trim""}"
224|Brigantine|Ship_3981|"{""color"": ""white"", ""pattern"": ""solid"", ""details"": ""bronze trim""}"
225|Galleon|Ship_4027|"{""color"": ""green"", ""pattern"": ""camouflage"", ""details"": ""golden trim""}"
226|Galleon|Ship_3642|"{""color"": ""red"", ""pattern"": ""stripes"", ""details"": ""golden trim""}"
227|Sloop|Ship_6618|"{""color"": ""white"", ""pattern"": ""camouflage"", ""details"": ""golden trim""}"
228|Brigantine|Ship_9736|"{""color"": ""black"", ""pattern"": ""camouflage"", ""details"": ""golden trim""}"
229|Galleon|Ship_6491|"{""color"": ""white"", ""pattern"": ""stripes"", ""details"": ""golden trim""}"
230|Galleon|Ship_9304|"{""color"": ""white"", ""pattern"": ""camouflage"", ""details"": ""golden trim""}"
231|Brigantine|Ship_8041|"{""color"": ""black"", ""pattern"": ""checkered"", ""details"": ""silver trim""}"
232|Brigantine|Ship_5648|"{""color"": ""white"", ""pattern"": ""solid"", ""details"": ""silver trim""}"
233|Sloop|Ship_4562|"{""color"": ""green"", ""pattern"": ""stripes"", ""details"": ""golden trim""}"
234|Galleon|Ship_3667|"{""color"": ""white"", ""pattern"": ""solid"", ""details"": ""bronze trim""}"
235|Sloop|Ship_2678|"{""color"": ""blue"", ""pattern"": ""checkered"", ""details"": ""silver trim""}"
236|Sloop|Ship_6924|"{""color"": ""black"", ""pattern"": ""camouflage"", ""details"": ""golden trim""}"
237|Galleon|Ship_8753|"{""color"": ""white"", ""pattern"": ""stripes"", ""details"": ""bronze trim""}"
238|Brigantine|Ship_6585|"{""color"": ""green"", ""pattern"": ""stripes"", ""details"": ""bronze trim""}"
239|Brigantine|Ship_6260|"{""color"": ""blue"", ""pattern"": ""solid"", ""details"": ""silver trim""}"
240|Sloop|Ship_8264|"{""color"": ""blue"", ""pattern"": ""checkered"", ""details"": ""silver trim""}"
241|Sloop|Ship_9678|"{""color"": ""black"", ""pattern"": ""camouflage"", ""details"": ""silver trim""}"
242|Galleon|Ship_7016|"{""color"": ""red"", ""pattern"": ""stripes"", ""details"": ""silver trim""}"
243|Brigantine|Ship_2459|"{""color"": ""black"", ""pattern"": ""checkered"", ""details"": ""golden trim""}"
244|Galleon|Ship_2355|"{""color"": ""white"", ""pattern"": ""checkered"", ""details"": ""golden trim""}"
245|Brigantine|Ship_5370|"{""color"": ""white"", ""pattern"": ""camouflage"", ""details"": ""golden trim""}"
246|Sloop|Ship_5937|"{""color"": ""white"", ""pattern"": ""checkered"", ""details"": ""bronze trim""}"
247|Galleon|Ship_4776|"{""color"": ""white"", ""pattern"": ""camouflage"", ""details"": ""bronze trim""}"
248|Brigantine|Ship_8910|"{""color"": ""green"", ""pattern"": ""solid"", ""details"": ""bronze trim""}"
249|Galleon|Ship_7576|"{""color"": ""white"", ""pattern"": ""checkered"", ""details"": ""silver trim""}"
